pair_id,principle_a,principle_b,shared_surface,shared_surface_note,mechanism,mechanism_note,material_consequence,consequence_note,primary_type,secondary_types,evidence_grade,counterexample,context_dependence,confidence,disposition,dossier,journal_refs
P001,KISS,YAGNI,pass,Both affect complexity added for proposed capabilities.,pass,"Deferring capability without a current consumer removes options, branches, and obligations from the adequate design.",pass,The delivered design carries fewer concepts and execution paths.,Reinforcement,,Reasoned Inference,pass,Counterexample: an irreversible public schema can make limited advance preparation a current requirement.,high,uncertain,,independent-review
P002,KISS,DRY,pass,Both affect whether duplicated representations justify central machinery.,pass,KISS weighs synchronization savings against the indirection and tooling introduced by a DRY authority.,pass,It prevents harmless duplication from being replaced by a more complicated abstraction.,Moderation,Tension,Reasoned Inference,pass,Counterexample: two copies of the same regulated rule require one authority even when derivation tooling adds structure.,medium,uncertain,,independent-review
P003,KISS,Rule of Three,pass,Both affect when an abstraction belongs in the current design.,pass,Waiting for concrete variation prevents an early abstraction from consuming complexity budget before its shape is known.,pass,"Fewer flags, exceptions, and speculative extension points enter the design.",Reinforcement,Sequencing,Reasoned Inference,pass,Counterexample: an already authoritative protocol concept can justify abstraction before three cases.,high,uncertain,,independent-review
P004,KISS,Occam's Razor,pass,Both affect selection among adequate designs.,pass,Both hold adequacy constant and reject mechanisms unsupported by requirements or evidence; Occam emphasizes assumptions while KISS includes lifecycle load.,pass,They often select the same lower-obligation design for different diagnostic reasons.,Overlap,Reinforcement,Reasoned Inference,pass,Counterexample: a more structured design can be the simpler whole-system choice when it isolates a demonstrated risk.,high,uncertain,,independent-review
P005,KISS,Principle of Least Power,pass,Both affect choice of an adequate implementation mechanism.,pass,"Choosing a less expressive sufficient mechanism reduces possible behavior, side effects, and analysis obligations counted by KISS.",pass,The implementation has fewer states and hidden execution paths to understand.,Reinforcement,,Reasoned Inference,pass,Counterexample: encoding stateful recovery in configuration can be more complicated than direct code.,high,uncertain,,independent-review
P006,KISS,Separation of Concerns,pass,Both affect strength and placement of design boundaries.,pass,KISS requires a concern boundary to repay its integration and navigation cost rather than treating separation as free.,pass,Only boundaries that reduce whole-system complexity survive.,Moderation,Tension,Reasoned Inference,pass,Counterexample: independently regulated policy and transport can justify a strong boundary despite added adapters.,medium,uncertain,,independent-review
P007,KISS,Single Responsibility Principle,fail,KISS decides whole-design complexity; Single Responsibility Principle decides module ownership.,fail,No repeatable causal path from applying KISS to the Single Responsibility Principle decision follows from the profiles.,fail,Either decision can change without materially changing the other's required outcome.,Independence,,,pass,Counterexample: a team can choose a direct adequate algorithm while making no decision about module ownership.,medium,reject,,independent-review
P008,KISS,Composition over Inheritance,pass,Both affect mechanism used for reuse or variation.,pass,"KISS compares direct code, composition wiring, and inheritance against the actual variation instead of automatically adding collaborators.",pass,Unused strategy and factory layers are avoided while real subclass multiplication can still be removed.,Moderation,Tension,Reasoned Inference,pass,Counterexample: two genuinely independent variation axes can make composition the clearest design.,medium,uncertain,,independent-review
P009,KISS,Convention over Configuration,pass,Both affect how routine choices are represented.,pass,"Convention removes repeated configuration, but KISS rejects it when discovery rules and exception precedence are harder than explicit choices.",pass,The ordinary path can shrink without turning domain policy into hidden magic.,Tension,Moderation,Reasoned Inference,pass,Counterexample: a weak common case with many exceptions is clearer as explicit configuration.,medium,uncertain,,independent-review
P010,KISS,Unix Philosophy,pass,Both affect component granularity and interface count.,pass,"KISS stops focused-tool decomposition when process, protocol, and failure-coordination costs exceed the complexity removed from a monolith.",pass,Pipelines remain composable without fragmenting one cohesive transaction.,Moderation,Tension,Reasoned Inference,pass,Counterexample: independently reusable transformations with stable values can justify several small tools.,medium,uncertain,,independent-review
P011,KISS,"Functional Core, Imperative Shell",fail,"KISS decides whole-design complexity; Functional Core, Imperative Shell decides placement of decisions and effects.",fail,"No repeatable causal path from applying KISS to the Functional Core, Imperative Shell decision follows from the profiles.",fail,Either decision can change without materially changing the other's required outcome.,Independence,,,pass,Counterexample: a team can choose a direct adequate algorithm while making no decision about placement of decisions and effects.,medium,reject,,independent-review
P012,KISS,Negative Code,pass,Both affect whether required behavior can be delivered with less owned machinery.,pass,"Safe deletion directly lowers the concepts, dependencies, and failure paths in KISS's complexity budget.",pass,An equal contract becomes easier to understand and operate.,Reinforcement,,Reasoned Inference,pass,Counterexample: a larger explicit implementation can be safer than terse replacement code.,high,uncertain,,independent-review
P013,KISS,Dead Code Elimination,pass,Both affect whether non-contributing mechanisms remain in the design.,pass,Proving an artifact cannot affect supported outcomes lets it be removed from the design's choice and maintenance surface.,pass,Users and maintainers face fewer false paths and configurations.,Reinforcement,,Reasoned Inference,pass,Counterexample: a rarely invoked disaster-recovery path is live despite no routine references.,high,uncertain,,independent-review
P014,KISS,Refactoring Toward Primitives,pass,Both affect whether to retain bespoke machinery.,pass,Replacing a contract-equivalent custom mechanism with a smaller trustworthy primitive removes owned edge cases and lifecycle obligations.,pass,The adequate design has less code and fewer local concepts.,Reinforcement,,Reasoned Inference,pass,Counterexample: a heavy dependency or semantic mismatch can make the local implementation simpler.,high,uncertain,,independent-review
P015,KISS,Dependency Inversion Principle,pass,Both affect whether a policy/detail boundary merits an abstraction.,pass,KISS admits a policy-owned port only when demonstrated volatility or isolation value exceeds adapter and wiring cost.,pass,Stable fixed details remain direct; volatile details can be isolated without interface-per-class ceremony.,Moderation,Tension,Reasoned Inference,pass,Counterexample: a vendor boundary with regulated portability requirements justifies extra structure.,medium,uncertain,,independent-review
P016,KISS,Data-Driven Design,pass,Both affect whether regular variation is clearer as data or control flow.,pass,"KISS compares a typed table and small algorithm with direct branches, rejecting either a rules engine or sprawling conditionals.",pass,The decision space uses the lower-obligation adequate representation.,Moderation,Tension,Reasoned Inference,pass,Counterexample: irregular algorithms are simpler as explicit code than callback-filled tables.,medium,uncertain,,independent-review
P017,KISS,Make Illegal States Unrepresentable,pass,Both affect complexity of a domain representation.,pass,"Precise types remove downstream branches, while KISS limits wrappers and type machinery to stable invariants whose savings repay the representation cost.",pass,The total state-handling design can shrink even when the type definition grows.,Tension,Moderation,Reasoned Inference,pass,Counterexample: mutable remote facts still need use-time checks and do not justify elaborate static encoding.,medium,uncertain,,independent-review
P018,KISS,"Parse, Don't Validate",fail,"KISS decides whole-design complexity; Parse, Don't Validate decides raw-to-trusted boundary conversion.",fail,"No repeatable causal path from applying KISS to the Parse, Don't Validate decision follows from the profiles.",fail,Either decision can change without materially changing the other's required outcome.,Independence,,,pass,Counterexample: a team can choose a direct adequate algorithm while making no decision about raw-to-trusted boundary conversion.,medium,reject,,independent-review
P019,KISS,"Tell, Don't Ask",fail,"KISS decides whole-design complexity; Tell, Don't Ask decides ownership of state-dependent operations.",fail,"No repeatable causal path from applying KISS to the Tell, Don't Ask decision follows from the profiles.",fail,Either decision can change without materially changing the other's required outcome.,Independence,,,pass,Counterexample: a team can choose a direct adequate algorithm while making no decision about ownership of state-dependent operations.,medium,reject,,independent-review
P020,KISS,Law of Demeter,fail,KISS decides whole-design complexity; Law of Demeter decides collaborator knowledge depth.,fail,No repeatable causal path from applying KISS to the Law of Demeter decision follows from the profiles.,fail,Either decision can change without materially changing the other's required outcome.,Independence,,,pass,Counterexample: a team can choose a direct adequate algorithm while making no decision about collaborator knowledge depth.,medium,reject,,independent-review
P021,KISS,Boy Scout Rule,fail,KISS decides whole-design complexity; Boy Scout Rule decides incidental cleanup scope.,fail,No repeatable causal path from applying KISS to the Boy Scout Rule decision follows from the profiles.,fail,Either decision can change without materially changing the other's required outcome.,Independence,,,pass,Counterexample: a team can choose a direct adequate algorithm while making no decision about incidental cleanup scope.,medium,reject,,independent-review
P022,YAGNI,DRY,pass,Both affect timing of a proposed shared authority or abstraction.,pass,"YAGNI blocks centralization justified by hypothetical reuse, while allowing DRY when a current domain fact already has competing authorities.",pass,Speculative abstraction is deferred without tolerating current synchronization risk.,Moderation,Tension,Reasoned Inference,pass,Counterexample: duplicated copies of one current schema need an authority before a third consumer appears.,medium,uncertain,,independent-review
P023,YAGNI,Rule of Three,pass,Both affect timing of abstraction for repeated cases.,pass,Both delay presumptive generality; concrete cases supply the current consumers and variation evidence YAGNI requires.,pass,"Abstractions are introduced later with narrower, evidence-based shapes.",Reinforcement,Sequencing,Reasoned Inference,pass,Counterexample: a fixed external standard can establish the abstraction before repeated local cases.,high,uncertain,,independent-review
P024,YAGNI,Occam's Razor,pass,Both affect unsupported future capabilities and assumptions.,pass,A capability without a current consumer rests on assumptions about future needs; deferral removes those assumptions and their entities.,pass,The present solution contains fewer speculative commitments.,Reinforcement,,Reasoned Inference,pass,Counterexample: costly irreversible decisions can make risk preparation a current requirement.,high,uncertain,,independent-review
P025,YAGNI,Principle of Least Power,fail,YAGNI decides capability timing; Principle of Least Power decides mechanism expressiveness.,fail,No repeatable causal path from applying YAGNI to the Principle of Least Power decision follows from the profiles.,fail,Either decision can change without materially changing the other's required outcome.,Independence,,,pass,Counterexample: a team can defer an unused export format while making no decision about mechanism expressiveness.,medium,reject,,independent-review
P026,YAGNI,Separation of Concerns,pass,Both affect whether to create a boundary for anticipated change.,pass,"YAGNI requires demonstrated independent rules, owners, or operations before paying for a stronger separation boundary.",pass,Speculative layers and services are postponed until their independence is current.,Moderation,,Reasoned Inference,pass,Counterexample: existing regulatory and deployment ownership can justify separation before code changes occur.,medium,uncertain,,independent-review
P027,YAGNI,Single Responsibility Principle,pass,Both affect whether predicted actors justify splitting a module.,pass,YAGNI rejects responsibility splits based only on hypothetical stakeholders; SRP proceeds when current independent actors and reasons are identifiable.,pass,One-method modules and speculative service boundaries are avoided.,Moderation,,Reasoned Inference,pass,Counterexample: two current business owners with independent release authority justify the split.,medium,uncertain,,independent-review
P028,YAGNI,Composition over Inheritance,pass,Both affect whether anticipated variation justifies a composition mechanism.,pass,YAGNI keeps fixed behavior direct until a current variation or replaceability need warrants collaborators and wiring.,pass,"Strategy, factory, and container scaffolding is not carried before use.",Moderation,,Reasoned Inference,pass,Counterexample: two active providers with independent behavior require composition now.,medium,uncertain,,independent-review
P029,YAGNI,Convention over Configuration,pass,Both affect whether to support configurable exceptions.,pass,YAGNI defers override paths for imagined exceptions while Convention supplies the current dominant default.,pass,Configuration surface stays narrow until a real exception appears.,Moderation,,Reasoned Inference,pass,Counterexample: a current tenant with a legitimate exception requires an explicit override.,medium,uncertain,,independent-review
P030,YAGNI,Unix Philosophy,pass,Both affect whether decomposition is justified by current composition needs.,pass,YAGNI rejects splitting a cohesive tool solely for hypothetical reuse or pipeline consumers.,pass,Process and interface overhead is postponed until composability has a present consumer.,Moderation,,Reasoned Inference,pass,Counterexample: two current workflows already reuse the same filter independently.,medium,uncertain,,independent-review
P031,YAGNI,"Functional Core, Imperative Shell",fail,"YAGNI decides capability timing; Functional Core, Imperative Shell decides placement of decisions and effects.",fail,"No repeatable causal path from applying YAGNI to the Functional Core, Imperative Shell decision follows from the profiles.",fail,Either decision can change without materially changing the other's required outcome.,Independence,,,pass,Counterexample: a team can defer an unused export format while making no decision about placement of decisions and effects.,medium,reject,,independent-review
P032,YAGNI,Negative Code,pass,Both affect lifecycle treatment of unneeded capability.,pass,YAGNI prevents new speculative capability; Negative Code removes already-owned machinery once its contract can be retired safely.,pass,Together they reduce both incoming and accumulated unneeded code.,Complementary,Sequencing,Reasoned Inference,pass,Counterexample: a live compatibility promise prevents deletion even though no new features should be added.,medium,uncertain,,independent-review
P033,YAGNI,Dead Code Elimination,fail,YAGNI decides capability timing; Dead Code Elimination decides artifact liveness.,fail,No repeatable causal path from applying YAGNI to the Dead Code Elimination decision follows from the profiles.,fail,Either decision can change without materially changing the other's required outcome.,Independence,,,pass,Counterexample: a team can defer an unused export format while making no decision about artifact liveness.,medium,reject,,independent-review
P034,YAGNI,Refactoring Toward Primitives,fail,YAGNI decides capability timing; Refactoring Toward Primitives decides custom-versus-existing capability.,fail,No repeatable causal path from applying YAGNI to the Refactoring Toward Primitives decision follows from the profiles.,fail,Either decision can change without materially changing the other's required outcome.,Independence,,,pass,Counterexample: a team can defer an unused export format while making no decision about custom-versus-existing capability.,medium,reject,,independent-review
P035,YAGNI,Dependency Inversion Principle,pass,Both affect whether provider portability merits a policy-owned port.,pass,"YAGNI requires real volatility, variation, or isolation need before DIP introduces a contract and adapter.",pass,Hypothetical provider swaps do not create interface and wiring stacks.,Moderation,,Reasoned Inference,pass,Counterexample: two current storage backends make the port a present requirement.,medium,uncertain,,independent-review
P036,YAGNI,Data-Driven Design,pass,Both affect whether anticipated cases justify a table or interpreter.,pass,YAGNI prevents a generic rules engine for imagined variation; current regular cases can still justify a small typed table.,pass,The data representation covers only demonstrated dimensions.,Moderation,,Reasoned Inference,pass,Counterexample: a current catalog with dozens of uniform cases already needs table-driven handling.,medium,uncertain,,independent-review
P037,YAGNI,Make Illegal States Unrepresentable,pass,Both affect which invariants deserve representation machinery now.,pass,YAGNI limits type structure to current stable invariants rather than encoding hypothetical future workflow states.,pass,Wrapper and variant proliferation is avoided while present invalid combinations remain excluded.,Moderation,,Reasoned Inference,pass,Counterexample: a current money-transfer invariant warrants a precise type despite added declarations.,medium,uncertain,,independent-review
P038,YAGNI,"Parse, Don't Validate",fail,"YAGNI decides capability timing; Parse, Don't Validate decides raw-to-trusted boundary conversion.",fail,"No repeatable causal path from applying YAGNI to the Parse, Don't Validate decision follows from the profiles.",fail,Either decision can change without materially changing the other's required outcome.,Independence,,,pass,Counterexample: a team can defer an unused export format while making no decision about raw-to-trusted boundary conversion.,medium,reject,,independent-review
P039,YAGNI,"Tell, Don't Ask",fail,"YAGNI decides capability timing; Tell, Don't Ask decides ownership of state-dependent operations.",fail,"No repeatable causal path from applying YAGNI to the Tell, Don't Ask decision follows from the profiles.",fail,Either decision can change without materially changing the other's required outcome.,Independence,,,pass,Counterexample: a team can defer an unused export format while making no decision about ownership of state-dependent operations.,medium,reject,,independent-review
P040,YAGNI,Law of Demeter,fail,YAGNI decides capability timing; Law of Demeter decides collaborator knowledge depth.,fail,No repeatable causal path from applying YAGNI to the Law of Demeter decision follows from the profiles.,fail,Either decision can change without materially changing the other's required outcome.,Independence,,,pass,Counterexample: a team can defer an unused export format while making no decision about collaborator knowledge depth.,medium,reject,,independent-review
P041,YAGNI,Boy Scout Rule,pass,Both affect scope of optional work performed during a real task.,pass,Both require a current task boundary; YAGNI excludes unrelated future-proofing from incidental cleanup.,pass,Touched code can improve without turning the task into speculative redesign.,Reinforcement,Moderation,Reasoned Inference,pass,Counterexample: an adjacent public API redesign for a possible future client is outside Boy Scout scope.,medium,uncertain,,independent-review
P042,DRY,Rule of Three,pass,Both affect timing of extracting repeated representations.,pass,Rule of Three supplies evidence that repetitions share meaning and variation before DRY creates an authority; DRY may act sooner for an already-known fact.,pass,The extracted abstraction is less likely to merge independently owned lookalikes.,Sequencing,Moderation,Reasoned Inference,pass,Counterexample: duplicated copies of one authoritative schema should be unified immediately.,high,uncertain,,independent-review
P043,DRY,Occam's Razor,fail,DRY decides knowledge authority; Occam's Razor decides assumption and entity count.,fail,No repeatable causal path from applying DRY to the Occam's Razor decision follows from the profiles.,fail,Either decision can change without materially changing the other's required outcome.,Independence,,,pass,Counterexample: a team can centralize a tax-rate rule while making no decision about assumption and entity count.,medium,reject,,independent-review
P044,DRY,Principle of Least Power,fail,DRY decides knowledge authority; Principle of Least Power decides mechanism expressiveness.,fail,No repeatable causal path from applying DRY to the Principle of Least Power decision follows from the profiles.,fail,Either decision can change without materially changing the other's required outcome.,Independence,,,pass,Counterexample: a team can centralize a tax-rate rule while making no decision about mechanism expressiveness.,medium,reject,,independent-review
P045,DRY,Separation of Concerns,pass,Both affect ownership of repeated information across boundaries.,pass,Separation identifies distinct owners and change reasons; DRY centralizes only occurrences that remain one concern and one fact.,pass,"Identical syntax from independent policies stays separate, while shared knowledge gains one authority.",Complementary,,Reasoned Inference,pass,Counterexample: two departments can intentionally own identical thresholds that may diverge.,medium,uncertain,,independent-review
P046,DRY,Single Responsibility Principle,pass,Both affect whether similar code belongs under one owner.,pass,SRP's actor and change-reason test constrains DRY: only repetitions serving the same responsibility become one authority.,pass,Centralization does not couple modules to unrelated stakeholder changes.,Moderation,,Reasoned Inference,pass,Counterexample: tax and discount formulas that currently match but have different owners must remain separate.,medium,uncertain,,independent-review
P047,DRY,Composition over Inheritance,fail,DRY decides knowledge authority; Composition over Inheritance decides reuse and variation mechanism.,fail,No repeatable causal path from applying DRY to the Composition over Inheritance decision follows from the profiles.,fail,Either decision can change without materially changing the other's required outcome.,Independence,,,pass,Counterexample: a team can centralize a tax-rate rule while making no decision about reuse and variation mechanism.,medium,reject,,independent-review
P048,DRY,Convention over Configuration,pass,Both affect authority for routine repeated choices.,pass,A shared convention makes one default authoritative and removes repeated configuration copies that could diverge.,pass,Routine layout or naming changes occur in one convention rather than many files.,Reinforcement,,Reasoned Inference,pass,Counterexample: important tenant policy with frequent exceptions must remain explicit.,medium,uncertain,,independent-review
P049,DRY,Unix Philosophy,fail,DRY decides knowledge authority; Unix Philosophy decides component scope and composition interfaces.,fail,No repeatable causal path from applying DRY to the Unix Philosophy decision follows from the profiles.,fail,Either decision can change without materially changing the other's required outcome.,Independence,,,pass,Counterexample: a team can centralize a tax-rate rule while making no decision about component scope and composition interfaces.,medium,reject,,independent-review
P050,DRY,"Functional Core, Imperative Shell",pass,Both affect placement of repeated business policy.,pass,Moving deterministic decisions into one core gives shells a single callable authority instead of reimplementing policy around I/O.,pass,Policy changes stop requiring synchronized edits across effectful workflows.,Enablement,,Reasoned Inference,pass,Counterexample: two workflows with different rules should not be forced through one core.,medium,uncertain,,independent-review
P051,DRY,Negative Code,pass,Both affect removal of competing representations after choosing an authority.,pass,"Once DRY identifies the authoritative representation, safe deletion removes obsolete copies and their synchronization glue.",pass,A conceptual change touches fewer maintained artifacts.,Sequencing,,Reasoned Inference,pass,Counterexample: an explanatory duplicate required by an external contract cannot simply be deleted.,medium,uncertain,,independent-review
P052,DRY,Dead Code Elimination,fail,DRY decides knowledge authority; Dead Code Elimination decides artifact liveness.,fail,No repeatable causal path from applying DRY to the Dead Code Elimination decision follows from the profiles.,fail,Either decision can change without materially changing the other's required outcome.,Independence,,,pass,Counterexample: a team can centralize a tax-rate rule while making no decision about artifact liveness.,medium,reject,,independent-review
P053,DRY,Refactoring Toward Primitives,pass,Both affect authority for behavior already supplied by a platform.,pass,"A contract-equivalent primitive replaces a local competing implementation, making the maintained platform capability the implementation authority.",pass,Local edge-case fixes and compatibility logic no longer duplicate the primitive.,Complementary,,Reasoned Inference,pass,Counterexample: domain-specific semantics can require a separate local authority despite a similarly named API.,medium,uncertain,,independent-review
P054,DRY,Dependency Inversion Principle,fail,DRY decides knowledge authority; Dependency Inversion Principle decides policy/detail dependency direction.,fail,No repeatable causal path from applying DRY to the Dependency Inversion Principle decision follows from the profiles.,fail,Either decision can change without materially changing the other's required outcome.,Independence,,,pass,Counterexample: a team can centralize a tax-rate rule while making no decision about policy/detail dependency direction.,medium,reject,,independent-review
P055,DRY,Data-Driven Design,pass,Both affect representation of regular case knowledge.,pass,A typed table places varying case facts in one authority while one algorithm derives behavior instead of duplicating branches.,pass,Adding or correcting a case changes one visible row rather than several control paths.,Enablement,,Reasoned Inference,pass,Counterexample: cases with distinct algorithms should remain separate code.,medium,uncertain,,independent-review
P056,DRY,Make Illegal States Unrepresentable,pass,Both affect authority for stable domain invariants.,pass,Encoding an invariant in constructors or types lets consumers rely on one proof instead of duplicating defensive checks.,pass,Invariant changes and enforcement are centralized at construction.,Enablement,,Reasoned Inference,pass,Counterexample: authorization and inventory remain mutable facts that each use must check.,medium,uncertain,,independent-review
P057,DRY,"Parse, Don't Validate",pass,Both affect where structural input facts are established.,pass,"Parsing once preserves validated facts in a precise value, eliminating repeated validation against the same raw representation.",pass,Downstream callers share one trusted proof rather than many informal checks.,Enablement,,Reasoned Inference,pass,Counterexample: time-sensitive permissions cannot be made authoritative by one parse.,medium,uncertain,,independent-review
P058,DRY,"Tell, Don't Ask",pass,Both affect authority for a state-dependent invariant.,pass,Moving query-decide-mutate logic to the state owner replaces duplicated caller policies with one meaningful operation.,pass,All callers apply the same transition rule and bypass paths shrink.,Enablement,,Reasoned Inference,pass,Counterexample: read-only reporting legitimately derives views outside the owner.,medium,uncertain,,independent-review
P059,DRY,Law of Demeter,fail,DRY decides knowledge authority; Law of Demeter decides collaborator knowledge depth.,fail,No repeatable causal path from applying DRY to the Law of Demeter decision follows from the profiles.,fail,Either decision can change without materially changing the other's required outcome.,Independence,,,pass,Counterexample: a team can centralize a tax-rate rule while making no decision about collaborator knowledge depth.,medium,reject,,independent-review
P060,DRY,Boy Scout Rule,fail,DRY decides knowledge authority; Boy Scout Rule decides incidental cleanup scope.,fail,No repeatable causal path from applying DRY to the Boy Scout Rule decision follows from the profiles.,fail,Either decision can change without materially changing the other's required outcome.,Independence,,,pass,Counterexample: a team can centralize a tax-rate rule while making no decision about incidental cleanup scope.,medium,reject,,independent-review
P061,Rule of Three,Occam's Razor,pass,Both affect evidence required before introducing an abstraction entity.,pass,Concrete cases expose supported commonality; until then Occam treats the generalized concept as an unsupported assumption.,pass,Flags and exception-laden abstractions are less likely to enter the design.,Reinforcement,,Reasoned Inference,pass,Counterexample: a pre-existing authoritative domain concept supplies evidence without three implementations.,medium,uncertain,,independent-review
P062,Rule of Three,Principle of Least Power,pass,Both affect selection of an abstraction's expressive mechanism.,pass,"Observed cases reveal the operations and variation the extracted mechanism must express, allowing selection of the least power that actually suffices.",pass,The abstraction avoids both premature underfit and callback-heavy overgeneralization.,Sequencing,,Reasoned Inference,pass,Counterexample: a fixed formal schema can establish required expressiveness before multiple cases.,medium,uncertain,,independent-review
P063,Rule of Three,Separation of Concerns,fail,Rule of Three decides abstraction timing; Separation of Concerns decides concern boundaries.,fail,No repeatable causal path from applying Rule of Three to the Separation of Concerns decision follows from the profiles.,fail,Either decision can change without materially changing the other's required outcome.,Independence,,,pass,Counterexample: a team can wait through two differing implementations while making no decision about concern boundaries.,medium,reject,,independent-review
P064,Rule of Three,Single Responsibility Principle,fail,Rule of Three decides abstraction timing; Single Responsibility Principle decides module ownership.,fail,No repeatable causal path from applying Rule of Three to the Single Responsibility Principle decision follows from the profiles.,fail,Either decision can change without materially changing the other's required outcome.,Independence,,,pass,Counterexample: a team can wait through two differing implementations while making no decision about module ownership.,medium,reject,,independent-review
P065,Rule of Three,Composition over Inheritance,pass,Both affect when variation should become composable behavior.,pass,Multiple cases reveal independent variation axes before functions or collaborators are extracted and assembled.,pass,Composition fits observed combinations instead of speculative strategies.,Sequencing,,Reasoned Inference,pass,Counterexample: two current orthogonal providers already demonstrate the axes.,medium,uncertain,,independent-review
P066,Rule of Three,Convention over Configuration,pass,Both affect when repeated choices justify a default convention.,pass,Several concrete choices reveal a dominant stable case before it becomes implicit convention.,pass,The default is discoverable and exceptions remain fewer than explicit settings.,Sequencing,,Reasoned Inference,pass,Counterexample: an ecosystem standard can establish the convention before local repetition.,medium,uncertain,,independent-review
P067,Rule of Three,Unix Philosophy,fail,Rule of Three decides abstraction timing; Unix Philosophy decides component scope and composition interfaces.,fail,No repeatable causal path from applying Rule of Three to the Unix Philosophy decision follows from the profiles.,fail,Either decision can change without materially changing the other's required outcome.,Independence,,,pass,Counterexample: a team can wait through two differing implementations while making no decision about component scope and composition interfaces.,medium,reject,,independent-review
P068,Rule of Three,"Functional Core, Imperative Shell",fail,"Rule of Three decides abstraction timing; Functional Core, Imperative Shell decides placement of decisions and effects.",fail,"No repeatable causal path from applying Rule of Three to the Functional Core, Imperative Shell decision follows from the profiles.",fail,Either decision can change without materially changing the other's required outcome.,Independence,,,pass,Counterexample: a team can wait through two differing implementations while making no decision about placement of decisions and effects.,medium,reject,,independent-review
P069,Rule of Three,Negative Code,pass,Both affect when temporary duplication can be replaced and removed.,pass,"After cases reveal a stable concept, extraction permits safe removal of duplicated implementation and glue.",pass,Learning duplication does not become permanent inventory.,Sequencing,,Reasoned Inference,pass,Counterexample: unrelated lookalikes may justify indefinite duplication and no deletion.,medium,uncertain,,independent-review
P070,Rule of Three,Dead Code Elimination,fail,Rule of Three decides abstraction timing; Dead Code Elimination decides artifact liveness.,fail,No repeatable causal path from applying Rule of Three to the Dead Code Elimination decision follows from the profiles.,fail,Either decision can change without materially changing the other's required outcome.,Independence,,,pass,Counterexample: a team can wait through two differing implementations while making no decision about artifact liveness.,medium,reject,,independent-review
P071,Rule of Three,Refactoring Toward Primitives,fail,Rule of Three decides abstraction timing; Refactoring Toward Primitives decides custom-versus-existing capability.,fail,No repeatable causal path from applying Rule of Three to the Refactoring Toward Primitives decision follows from the profiles.,fail,Either decision can change without materially changing the other's required outcome.,Independence,,,pass,Counterexample: a team can wait through two differing implementations while making no decision about custom-versus-existing capability.,medium,reject,,independent-review
P072,Rule of Three,Dependency Inversion Principle,pass,Both affect when provider variation warrants a port.,pass,Concrete detail changes or providers reveal the narrow capability policy needs before a contract is extracted.,pass,The port avoids speculative methods and mock-driven shape.,Sequencing,,Reasoned Inference,pass,Counterexample: a current regulated vendor-isolation requirement supplies evidence before multiple providers.,medium,uncertain,,independent-review
P073,Rule of Three,Data-Driven Design,pass,Both affect when repeated branches should become a table.,pass,Comparing concrete cases establishes one shared algorithm and identifies the varying dimensions to encode as data.,pass,The resulting table has stable columns rather than callback-filled exceptions.,Sequencing,,Reasoned Inference,pass,Counterexample: known protocol opcodes can justify a table immediately.,medium,uncertain,,independent-review
P074,Rule of Three,Make Illegal States Unrepresentable,fail,Rule of Three decides abstraction timing; Make Illegal States Unrepresentable decides domain state representation.,fail,No repeatable causal path from applying Rule of Three to the Make Illegal States Unrepresentable decision follows from the profiles.,fail,Either decision can change without materially changing the other's required outcome.,Independence,,,pass,Counterexample: a team can wait through two differing implementations while making no decision about domain state representation.,medium,reject,,independent-review
P075,Rule of Three,"Parse, Don't Validate",fail,"Rule of Three decides abstraction timing; Parse, Don't Validate decides raw-to-trusted boundary conversion.",fail,"No repeatable causal path from applying Rule of Three to the Parse, Don't Validate decision follows from the profiles.",fail,Either decision can change without materially changing the other's required outcome.,Independence,,,pass,Counterexample: a team can wait through two differing implementations while making no decision about raw-to-trusted boundary conversion.,medium,reject,,independent-review
P076,Rule of Three,"Tell, Don't Ask",pass,Both affect when callers reveal a stable domain command.,pass,Repeated query-decide-mutate sequences expose the invariant and outcome needed from the owner.,pass,The extracted command is meaningful instead of a speculative pass-through.,Sequencing,,Reasoned Inference,pass,Counterexample: one dangerous bypass of a known invariant can justify moving the operation immediately.,medium,uncertain,,independent-review
P077,Rule of Three,Law of Demeter,fail,Rule of Three decides abstraction timing; Law of Demeter decides collaborator knowledge depth.,fail,No repeatable causal path from applying Rule of Three to the Law of Demeter decision follows from the profiles.,fail,Either decision can change without materially changing the other's required outcome.,Independence,,,pass,Counterexample: a team can wait through two differing implementations while making no decision about collaborator knowledge depth.,medium,reject,,independent-review
P078,Rule of Three,Boy Scout Rule,fail,Rule of Three decides abstraction timing; Boy Scout Rule decides incidental cleanup scope.,fail,No repeatable causal path from applying Rule of Three to the Boy Scout Rule decision follows from the profiles.,fail,Either decision can change without materially changing the other's required outcome.,Independence,,,pass,Counterexample: a team can wait through two differing implementations while making no decision about incidental cleanup scope.,medium,reject,,independent-review
P079,Occam's Razor,Principle of Least Power,pass,Both affect selection among adequate mechanisms.,pass,"A less expressive sufficient mechanism assumes fewer possible behaviors and side effects, satisfying Occam's demand for fewer unsupported entities.",pass,The chosen design is easier to analyze without losing required behavior.,Reinforcement,,Reasoned Inference,pass,Counterexample: a constrained representation that simulates a program introduces more assumptions than direct code.,high,uncertain,,independent-review
P080,Occam's Razor,Separation of Concerns,fail,Occam's Razor decides assumption and entity count; Separation of Concerns decides concern boundaries.,fail,No repeatable causal path from applying Occam's Razor to the Separation of Concerns decision follows from the profiles.,fail,Either decision can change without materially changing the other's required outcome.,Independence,,,pass,Counterexample: a team can test the fewest-assumption diagnosis while making no decision about concern boundaries.,medium,reject,,independent-review
P081,Occam's Razor,Single Responsibility Principle,fail,Occam's Razor decides assumption and entity count; Single Responsibility Principle decides module ownership.,fail,No repeatable causal path from applying Occam's Razor to the Single Responsibility Principle decision follows from the profiles.,fail,Either decision can change without materially changing the other's required outcome.,Independence,,,pass,Counterexample: a team can test the fewest-assumption diagnosis while making no decision about module ownership.,medium,reject,,independent-review
P082,Occam's Razor,Composition over Inheritance,fail,Occam's Razor decides assumption and entity count; Composition over Inheritance decides reuse and variation mechanism.,fail,No repeatable causal path from applying Occam's Razor to the Composition over Inheritance decision follows from the profiles.,fail,Either decision can change without materially changing the other's required outcome.,Independence,,,pass,Counterexample: a team can test the fewest-assumption diagnosis while making no decision about reuse and variation mechanism.,medium,reject,,independent-review
P083,Occam's Razor,Convention over Configuration,fail,Occam's Razor decides assumption and entity count; Convention over Configuration decides default-versus-configuration choices.,fail,No repeatable causal path from applying Occam's Razor to the Convention over Configuration decision follows from the profiles.,fail,Either decision can change without materially changing the other's required outcome.,Independence,,,pass,Counterexample: a team can test the fewest-assumption diagnosis while making no decision about default-versus-configuration choices.,medium,reject,,independent-review
P084,Occam's Razor,Unix Philosophy,fail,Occam's Razor decides assumption and entity count; Unix Philosophy decides component scope and composition interfaces.,fail,No repeatable causal path from applying Occam's Razor to the Unix Philosophy decision follows from the profiles.,fail,Either decision can change without materially changing the other's required outcome.,Independence,,,pass,Counterexample: a team can test the fewest-assumption diagnosis while making no decision about component scope and composition interfaces.,medium,reject,,independent-review
P085,Occam's Razor,"Functional Core, Imperative Shell",fail,"Occam's Razor decides assumption and entity count; Functional Core, Imperative Shell decides placement of decisions and effects.",fail,"No repeatable causal path from applying Occam's Razor to the Functional Core, Imperative Shell decision follows from the profiles.",fail,Either decision can change without materially changing the other's required outcome.,Independence,,,pass,Counterexample: a team can test the fewest-assumption diagnosis while making no decision about placement of decisions and effects.,medium,reject,,independent-review
P086,Occam's Razor,Negative Code,pass,Both affect removal of unsupported design entities.,pass,"Once evidence shows machinery is unnecessary to the contract, Negative Code removes the entities Occam would not posit.",pass,The implementation retains fewer unexplained state holders and failure modes.,Reinforcement,,Reasoned Inference,pass,Counterexample: deletion is unsafe when external consumers or compatibility obligations remain uncertain.,medium,uncertain,,independent-review
P087,Occam's Razor,Dead Code Elimination,pass,Both affect whether an artifact has evidence of observable relevance.,pass,Proof that code cannot affect supported outcomes removes any evidential basis for retaining it.,pass,False options and unreachable mechanisms leave the system.,Reinforcement,,Reasoned Inference,pass,Counterexample: reflection or rare operations can supply hidden liveness evidence.,medium,uncertain,,independent-review
P088,Occam's Razor,Refactoring Toward Primitives,pass,Both affect whether bespoke machinery is warranted.,pass,A contract-equivalent existing primitive explains the required behavior without the additional entities and assumptions of a custom implementation.,pass,Local edge cases and maintenance obligations can be deleted.,Reinforcement,,Reasoned Inference,pass,Counterexample: semantic mismatch or platform risk can justify the custom mechanism.,medium,uncertain,,independent-review
P089,Occam's Razor,Dependency Inversion Principle,pass,Both affect whether volatility evidence justifies an abstract port.,pass,"Occam rejects a policy/detail contract based only on an imagined provider, but accepts it when current volatility or isolation evidence explains the entity.",pass,Ports remain narrow and evidence-backed.,Moderation,Tension,Reasoned Inference,pass,Counterexample: two active vendors clearly justify an adapter boundary.,medium,uncertain,,independent-review
P090,Occam's Razor,Data-Driven Design,fail,Occam's Razor decides assumption and entity count; Data-Driven Design decides control-flow-versus-data representation.,fail,No repeatable causal path from applying Occam's Razor to the Data-Driven Design decision follows from the profiles.,fail,Either decision can change without materially changing the other's required outcome.,Independence,,,pass,Counterexample: a team can test the fewest-assumption diagnosis while making no decision about control-flow-versus-data representation.,medium,reject,,independent-review
P091,Occam's Razor,Make Illegal States Unrepresentable,fail,Occam's Razor decides assumption and entity count; Make Illegal States Unrepresentable decides domain state representation.,fail,No repeatable causal path from applying Occam's Razor to the Make Illegal States Unrepresentable decision follows from the profiles.,fail,Either decision can change without materially changing the other's required outcome.,Independence,,,pass,Counterexample: a team can test the fewest-assumption diagnosis while making no decision about domain state representation.,medium,reject,,independent-review
P092,Occam's Razor,"Parse, Don't Validate",pass,Both affect treatment of assumptions about untrusted input.,pass,Parsing replaces downstream unsupported assumptions with an explicit proof carried by a precise value.,pass,Consumers need fewer defensive hypotheses and branches.,Reinforcement,,Reasoned Inference,pass,Counterexample: mutable authorization facts cannot be proven once at parse time.,medium,uncertain,,independent-review
P093,Occam's Razor,"Tell, Don't Ask",fail,"Occam's Razor decides assumption and entity count; Tell, Don't Ask decides ownership of state-dependent operations.",fail,"No repeatable causal path from applying Occam's Razor to the Tell, Don't Ask decision follows from the profiles.",fail,Either decision can change without materially changing the other's required outcome.,Independence,,,pass,Counterexample: a team can test the fewest-assumption diagnosis while making no decision about ownership of state-dependent operations.,medium,reject,,independent-review
P094,Occam's Razor,Law of Demeter,pass,Both affect assumptions a caller makes about collaborator structure.,pass,Replacing object-graph navigation with a meaningful nearby operation removes assumptions about nested ownership and layout.,pass,Internal graph changes stop propagating to distant callers.,Reinforcement,,Reasoned Inference,pass,Counterexample: direct access to transparent immutable values adds no unstable ownership assumption.,medium,uncertain,,independent-review
P095,Occam's Razor,Boy Scout Rule,fail,Occam's Razor decides assumption and entity count; Boy Scout Rule decides incidental cleanup scope.,fail,No repeatable causal path from applying Occam's Razor to the Boy Scout Rule decision follows from the profiles.,fail,Either decision can change without materially changing the other's required outcome.,Independence,,,pass,Counterexample: a team can test the fewest-assumption diagnosis while making no decision about incidental cleanup scope.,medium,reject,,independent-review
P096,Principle of Least Power,Separation of Concerns,fail,Principle of Least Power decides mechanism expressiveness; Separation of Concerns decides concern boundaries.,fail,No repeatable causal path from applying Principle of Least Power to the Separation of Concerns decision follows from the profiles.,fail,Either decision can change without materially changing the other's required outcome.,Independence,,,pass,Counterexample: a team can use a declarative schema while making no decision about concern boundaries.,medium,reject,,independent-review
P097,Principle of Least Power,Single Responsibility Principle,fail,Principle of Least Power decides mechanism expressiveness; Single Responsibility Principle decides module ownership.,fail,No repeatable causal path from applying Principle of Least Power to the Single Responsibility Principle decision follows from the profiles.,fail,Either decision can change without materially changing the other's required outcome.,Independence,,,pass,Counterexample: a team can use a declarative schema while making no decision about module ownership.,medium,reject,,independent-review
P098,Principle of Least Power,Composition over Inheritance,fail,Principle of Least Power decides mechanism expressiveness; Composition over Inheritance decides reuse and variation mechanism.,fail,No repeatable causal path from applying Principle of Least Power to the Composition over Inheritance decision follows from the profiles.,fail,Either decision can change without materially changing the other's required outcome.,Independence,,,pass,Counterexample: a team can use a declarative schema while making no decision about reuse and variation mechanism.,medium,reject,,independent-review
P099,Principle of Least Power,Convention over Configuration,pass,Both affect representation of routine choices and exceptions.,pass,Convention eliminates a mechanism for the dominant case; the remaining override can use the least expressive representation that suffices.,pass,Users face neither redundant configuration nor an unnecessarily programmable escape hatch.,Complementary,,Reasoned Inference,pass,Counterexample: complex recovery logic may require explicit code rather than a constrained setting.,medium,uncertain,,independent-review
P100,Principle of Least Power,Unix Philosophy,pass,Both affect expressiveness of component interfaces.,pass,Constrained composable values or standard streams expose less arbitrary behavior than embedding callers or scripts in each component.,pass,Focused tools remain inspectable and replaceable through simple interfaces.,Reinforcement,,Reasoned Inference,pass,Counterexample: stateful transactional coordination can require a richer in-process interface.,medium,uncertain,,independent-review
P101,Principle of Least Power,"Functional Core, Imperative Shell",pass,Both affect where effectful expressive power is permitted.,pass,"The shell confines I/O and mutation while the core uses value-to-value logic, limiting powerful effects to the boundary that requires them.",pass,More of the workflow becomes analyzable and deterministic.,Complementary,,Reasoned Inference,pass,Counterexample: an inherently concurrent workflow may need effectful decisions in its core.,medium,uncertain,,independent-review
P102,Principle of Least Power,Negative Code,fail,Principle of Least Power decides mechanism expressiveness; Negative Code decides safe implementation removal.,fail,No repeatable causal path from applying Principle of Least Power to the Negative Code decision follows from the profiles.,fail,Either decision can change without materially changing the other's required outcome.,Independence,,,pass,Counterexample: a team can use a declarative schema while making no decision about safe implementation removal.,medium,reject,,independent-review
P103,Principle of Least Power,Dead Code Elimination,fail,Principle of Least Power decides mechanism expressiveness; Dead Code Elimination decides artifact liveness.,fail,No repeatable causal path from applying Principle of Least Power to the Dead Code Elimination decision follows from the profiles.,fail,Either decision can change without materially changing the other's required outcome.,Independence,,,pass,Counterexample: a team can use a declarative schema while making no decision about artifact liveness.,medium,reject,,independent-review
P104,Principle of Least Power,Refactoring Toward Primitives,fail,Principle of Least Power decides mechanism expressiveness; Refactoring Toward Primitives decides custom-versus-existing capability.,fail,No repeatable causal path from applying Principle of Least Power to the Refactoring Toward Primitives decision follows from the profiles.,fail,Either decision can change without materially changing the other's required outcome.,Independence,,,pass,Counterexample: a team can use a declarative schema while making no decision about custom-versus-existing capability.,medium,reject,,independent-review
P105,Principle of Least Power,Dependency Inversion Principle,pass,Both affect expressiveness of a policy-owned contract.,pass,A narrow domain-shaped port exposes only capabilities policy requires rather than a powerful vendor API.,pass,Policy gains confinement and the detail remains replaceable.,Reinforcement,,Reasoned Inference,pass,Counterexample: hiding required transaction or streaming semantics would make the narrow port inadequate.,medium,uncertain,,independent-review
P106,Principle of Least Power,Data-Driven Design,pass,Both affect choice between data and executable variation.,pass,"When a typed table can express regular cases, it is less powerful and more inspectable than repeated arbitrary callbacks; true exceptions stay in code.",pass,The decision space becomes validatable without creating a second language.,Reinforcement,,Reasoned Inference,pass,"Counterexample: irregular algorithms forced into callback-filled configuration are more, not less, programmable.",medium,uncertain,,independent-review
P107,Principle of Least Power,Make Illegal States Unrepresentable,pass,Both affect power of a domain representation.,pass,A representation that cannot construct invalid combinations exposes fewer possible states and operations while still expressing the valid domain.,pass,Consumers require fewer guards and casts.,Reinforcement,,Reasoned Inference,pass,Counterexample: elaborate type encodings can be less comprehensible than a few explicit checks.,medium,uncertain,,independent-review
P108,Principle of Least Power,"Parse, Don't Validate",fail,"Principle of Least Power decides mechanism expressiveness; Parse, Don't Validate decides raw-to-trusted boundary conversion.",fail,"No repeatable causal path from applying Principle of Least Power to the Parse, Don't Validate decision follows from the profiles.",fail,Either decision can change without materially changing the other's required outcome.,Independence,,,pass,Counterexample: a team can use a declarative schema while making no decision about raw-to-trusted boundary conversion.,medium,reject,,independent-review
P109,Principle of Least Power,"Tell, Don't Ask",pass,Both affect capability exposed by a state owner.,pass,A meaningful command grants the caller only the valid transition instead of broad getters and setters that permit arbitrary mutation sequences.,pass,The mutation surface and bypass opportunities shrink.,Reinforcement,,Reasoned Inference,pass,Counterexample: reporting needs legitimate queries and should not be forced through commands.,medium,uncertain,,independent-review
P110,Principle of Least Power,Law of Demeter,pass,Both affect breadth of a collaborator interface.,pass,Least Power limits what an immediate interface can do; Demeter limits which internal relationships the caller can reach through it.,pass,Callers receive a narrow capability without object-graph access.,Complementary,,Reasoned Inference,pass,Counterexample: wrapper chains around plain immutable data add ceremony without confinement.,medium,uncertain,,independent-review
P111,Principle of Least Power,Boy Scout Rule,fail,Principle of Least Power decides mechanism expressiveness; Boy Scout Rule decides incidental cleanup scope.,fail,No repeatable causal path from applying Principle of Least Power to the Boy Scout Rule decision follows from the profiles.,fail,Either decision can change without materially changing the other's required outcome.,Independence,,,pass,Counterexample: a team can use a declarative schema while making no decision about incidental cleanup scope.,medium,reject,,independent-review
P112,Separation of Concerns,Single Responsibility Principle,pass,Both affect boundary placement for independently changing decisions.,pass,Both separate different change reasons; SRP specializes the test to module cohesion and stakeholder or business-function ownership.,pass,A policy change affects a smaller coherent module rather than unrelated concerns.,Overlap,Reinforcement,Reasoned Inference,pass,Counterexample: operations maintaining one invariant and always changing together should remain together.,high,uncertain,,independent-review
P113,Separation of Concerns,Composition over Inheritance,pass,Both affect implementation of independently varying concerns.,pass,"After concerns are isolated, composition assembles their focused behaviors without coupling every combination into a subclass hierarchy.",pass,Each concern can vary or be tested without multiplying combined classes.,Enablement,,Reasoned Inference,pass,Counterexample: a closed stable subtype hierarchy may remain clearer than collaborator wiring.,medium,uncertain,,independent-review
P114,Separation of Concerns,Convention over Configuration,fail,Separation of Concerns decides concern boundaries; Convention over Configuration decides default-versus-configuration choices.,fail,No repeatable causal path from applying Separation of Concerns to the Convention over Configuration decision follows from the profiles.,fail,Either decision can change without materially changing the other's required outcome.,Independence,,,pass,Counterexample: a team can separate billing policy from delivery while making no decision about default-versus-configuration choices.,medium,reject,,independent-review
P115,Separation of Concerns,Unix Philosophy,pass,Both affect component boundaries and recombination interfaces.,pass,Unix-style focused components operationalize concern separation through stable composable inputs and outputs.,pass,Independent work becomes replaceable and reusable across pipelines.,Reinforcement,,Reasoned Inference,pass,Counterexample: splitting one transaction across processes can destroy needed atomicity.,medium,uncertain,,independent-review
P116,Separation of Concerns,"Functional Core, Imperative Shell",pass,Both affect boundary between deterministic policy and external effects.,pass,"Functional Core, Imperative Shell supplies a specific separation: value-based decisions inside and I/O coordination outside.",pass,Policy can be tested independently while effect failures remain explicit at the boundary.,Reinforcement,,Reasoned Inference,pass,Counterexample: inseparable streaming or concurrency semantics can make the split harmful.,medium,uncertain,,independent-review
P117,Separation of Concerns,Negative Code,fail,Separation of Concerns decides concern boundaries; Negative Code decides safe implementation removal.,fail,No repeatable causal path from applying Separation of Concerns to the Negative Code decision follows from the profiles.,fail,Either decision can change without materially changing the other's required outcome.,Independence,,,pass,Counterexample: a team can separate billing policy from delivery while making no decision about safe implementation removal.,medium,reject,,independent-review
P118,Separation of Concerns,Dead Code Elimination,fail,Separation of Concerns decides concern boundaries; Dead Code Elimination decides artifact liveness.,fail,No repeatable causal path from applying Separation of Concerns to the Dead Code Elimination decision follows from the profiles.,fail,Either decision can change without materially changing the other's required outcome.,Independence,,,pass,Counterexample: a team can separate billing policy from delivery while making no decision about artifact liveness.,medium,reject,,independent-review
P119,Separation of Concerns,Refactoring Toward Primitives,fail,Separation of Concerns decides concern boundaries; Refactoring Toward Primitives decides custom-versus-existing capability.,fail,No repeatable causal path from applying Separation of Concerns to the Refactoring Toward Primitives decision follows from the profiles.,fail,Either decision can change without materially changing the other's required outcome.,Independence,,,pass,Counterexample: a team can separate billing policy from delivery while making no decision about custom-versus-existing capability.,medium,reject,,independent-review
P120,Separation of Concerns,Dependency Inversion Principle,pass,Both affect boundary between stable policy and volatile detail.,pass,Separation identifies the distinct concerns; DIP makes the stable policy own the contract and points source dependencies inward.,pass,Vendor types stay outside while policy remains coherent.,Complementary,,Reasoned Inference,pass,Counterexample: a fixed trivial detail may not justify any adapter boundary.,medium,uncertain,,independent-review
P121,Separation of Concerns,Data-Driven Design,fail,Separation of Concerns decides concern boundaries; Data-Driven Design decides control-flow-versus-data representation.,fail,No repeatable causal path from applying Separation of Concerns to the Data-Driven Design decision follows from the profiles.,fail,Either decision can change without materially changing the other's required outcome.,Independence,,,pass,Counterexample: a team can separate billing policy from delivery while making no decision about control-flow-versus-data representation.,medium,reject,,independent-review
P122,Separation of Concerns,Make Illegal States Unrepresentable,fail,Separation of Concerns decides concern boundaries; Make Illegal States Unrepresentable decides domain state representation.,fail,No repeatable causal path from applying Separation of Concerns to the Make Illegal States Unrepresentable decision follows from the profiles.,fail,Either decision can change without materially changing the other's required outcome.,Independence,,,pass,Counterexample: a team can separate billing policy from delivery while making no decision about domain state representation.,medium,reject,,independent-review
P123,Separation of Concerns,"Parse, Don't Validate",pass,Both affect boundary between raw input handling and trusted domain work.,pass,Parsing converts untrusted representations at the boundary so domain concerns no longer carry raw-format checks.,pass,Input errors and domain decisions can change and be verified independently.,Reinforcement,,Reasoned Inference,pass,Counterexample: mutable contextual facts still require checks inside the domain workflow.,medium,uncertain,,independent-review
P124,Separation of Concerns,"Tell, Don't Ask",pass,Both affect placement of state-dependent behavior versus surrounding workflow.,pass,"Tell, Don't Ask moves only the owned invariant inward; Separation prevents the owner from absorbing persistence, presentation, or unrelated orchestration.",pass,The command encapsulates state rules without becoming a god object.,Moderation,Tension,Reasoned Inference,pass,Counterexample: a cohesive aggregate may legitimately include many operations for one invariant.,medium,uncertain,,independent-review
P125,Separation of Concerns,Law of Demeter,pass,Both affect integrity of a concern boundary.,pass,Demeter prevents callers from bypassing a boundary by navigating the internal object graph behind a collaborator.,pass,Internal concern structure can change without distant caller edits.,Reinforcement,,Reasoned Inference,pass,Counterexample: direct traversal of transparent immutable values need not violate separation.,medium,uncertain,,independent-review
P126,Separation of Concerns,Boy Scout Rule,fail,Separation of Concerns decides concern boundaries; Boy Scout Rule decides incidental cleanup scope.,fail,No repeatable causal path from applying Separation of Concerns to the Boy Scout Rule decision follows from the profiles.,fail,Either decision can change without materially changing the other's required outcome.,Independence,,,pass,Counterexample: a team can separate billing policy from delivery while making no decision about incidental cleanup scope.,medium,reject,,independent-review
P127,Single Responsibility Principle,Composition over Inheritance,pass,Both affect how independently owned behavior is assembled.,pass,SRP identifies behaviors that change for different actors; composition keeps them separate and combines them at a useful boundary.,pass,An actor's change avoids edits across a subclass combination matrix.,Enablement,,Reasoned Inference,pass,Counterexample: behaviors owned and changed as one closed subtype can remain inherited.,medium,uncertain,,independent-review
P128,Single Responsibility Principle,Convention over Configuration,fail,Single Responsibility Principle decides module ownership; Convention over Configuration decides default-versus-configuration choices.,fail,No repeatable causal path from applying Single Responsibility Principle to the Convention over Configuration decision follows from the profiles.,fail,Either decision can change without materially changing the other's required outcome.,Independence,,,pass,Counterexample: a team can split modules by independently owned policy while making no decision about default-versus-configuration choices.,medium,reject,,independent-review
P129,Single Responsibility Principle,Unix Philosophy,pass,Both affect cohesive scope of a component.,pass,Both favor a focused unit; SRP tests stakeholder change reasons while Unix Philosophy adds a composable interface.,pass,A component has a coherent owner and can participate in larger workflows.,Reinforcement,,Reasoned Inference,pass,Counterexample: microscopic tools can fragment one business responsibility.,medium,uncertain,,independent-review
P130,Single Responsibility Principle,"Functional Core, Imperative Shell",fail,"Single Responsibility Principle decides module ownership; Functional Core, Imperative Shell decides placement of decisions and effects.",fail,"No repeatable causal path from applying Single Responsibility Principle to the Functional Core, Imperative Shell decision follows from the profiles.",fail,Either decision can change without materially changing the other's required outcome.,Independence,,,pass,Counterexample: a team can split modules by independently owned policy while making no decision about placement of decisions and effects.,medium,reject,,independent-review
P131,Single Responsibility Principle,Negative Code,fail,Single Responsibility Principle decides module ownership; Negative Code decides safe implementation removal.,fail,No repeatable causal path from applying Single Responsibility Principle to the Negative Code decision follows from the profiles.,fail,Either decision can change without materially changing the other's required outcome.,Independence,,,pass,Counterexample: a team can split modules by independently owned policy while making no decision about safe implementation removal.,medium,reject,,independent-review
P132,Single Responsibility Principle,Dead Code Elimination,fail,Single Responsibility Principle decides module ownership; Dead Code Elimination decides artifact liveness.,fail,No repeatable causal path from applying Single Responsibility Principle to the Dead Code Elimination decision follows from the profiles.,fail,Either decision can change without materially changing the other's required outcome.,Independence,,,pass,Counterexample: a team can split modules by independently owned policy while making no decision about artifact liveness.,medium,reject,,independent-review
P133,Single Responsibility Principle,Refactoring Toward Primitives,fail,Single Responsibility Principle decides module ownership; Refactoring Toward Primitives decides custom-versus-existing capability.,fail,No repeatable causal path from applying Single Responsibility Principle to the Refactoring Toward Primitives decision follows from the profiles.,fail,Either decision can change without materially changing the other's required outcome.,Independence,,,pass,Counterexample: a team can split modules by independently owned policy while making no decision about custom-versus-existing capability.,medium,reject,,independent-review
P134,Single Responsibility Principle,Dependency Inversion Principle,pass,Both affect separation of stable policy ownership from volatile detail ownership.,pass,Different change reasons justify the split; DIP assigns the policy-owned contract and outer adapter direction.,pass,Vendor churn affects the adapter rather than the policy module.,Complementary,,Reasoned Inference,pass,Counterexample: one team changing a stable fixed detail with its policy may need no port.,medium,uncertain,,independent-review
P135,Single Responsibility Principle,Data-Driven Design,fail,Single Responsibility Principle decides module ownership; Data-Driven Design decides control-flow-versus-data representation.,fail,No repeatable causal path from applying Single Responsibility Principle to the Data-Driven Design decision follows from the profiles.,fail,Either decision can change without materially changing the other's required outcome.,Independence,,,pass,Counterexample: a team can split modules by independently owned policy while making no decision about control-flow-versus-data representation.,medium,reject,,independent-review
P136,Single Responsibility Principle,Make Illegal States Unrepresentable,fail,Single Responsibility Principle decides module ownership; Make Illegal States Unrepresentable decides domain state representation.,fail,No repeatable causal path from applying Single Responsibility Principle to the Make Illegal States Unrepresentable decision follows from the profiles.,fail,Either decision can change without materially changing the other's required outcome.,Independence,,,pass,Counterexample: a team can split modules by independently owned policy while making no decision about domain state representation.,medium,reject,,independent-review
P137,Single Responsibility Principle,"Parse, Don't Validate",fail,"Single Responsibility Principle decides module ownership; Parse, Don't Validate decides raw-to-trusted boundary conversion.",fail,"No repeatable causal path from applying Single Responsibility Principle to the Parse, Don't Validate decision follows from the profiles.",fail,Either decision can change without materially changing the other's required outcome.,Independence,,,pass,Counterexample: a team can split modules by independently owned policy while making no decision about raw-to-trusted boundary conversion.,medium,reject,,independent-review
P138,Single Responsibility Principle,"Tell, Don't Ask",pass,Both affect how much behavior moves into a state-owning module.,pass,"Tell, Don't Ask co-locates the invariant; SRP prevents unrelated actor workflows from accumulating in that owner.",pass,Invariant operations become cohesive without creating a god object.,Moderation,Tension,Reasoned Inference,pass,Counterexample: many operations for the same actor and invariant can remain one responsibility.,medium,uncertain,,independent-review
P139,Single Responsibility Principle,Law of Demeter,fail,Single Responsibility Principle decides module ownership; Law of Demeter decides collaborator knowledge depth.,fail,No repeatable causal path from applying Single Responsibility Principle to the Law of Demeter decision follows from the profiles.,fail,Either decision can change without materially changing the other's required outcome.,Independence,,,pass,Counterexample: a team can split modules by independently owned policy while making no decision about collaborator knowledge depth.,medium,reject,,independent-review
P140,Single Responsibility Principle,Boy Scout Rule,fail,Single Responsibility Principle decides module ownership; Boy Scout Rule decides incidental cleanup scope.,fail,No repeatable causal path from applying Single Responsibility Principle to the Boy Scout Rule decision follows from the profiles.,fail,Either decision can change without materially changing the other's required outcome.,Independence,,,pass,Counterexample: a team can split modules by independently owned policy while making no decision about incidental cleanup scope.,medium,reject,,independent-review
P141,Composition over Inheritance,Convention over Configuration,fail,Composition over Inheritance decides reuse and variation mechanism; Convention over Configuration decides default-versus-configuration choices.,fail,No repeatable causal path from applying Composition over Inheritance to the Convention over Configuration decision follows from the profiles.,fail,Either decision can change without materially changing the other's required outcome.,Independence,,,pass,Counterexample: a team can assemble two independently varying behaviors while making no decision about default-versus-configuration choices.,medium,reject,,independent-review
P142,Composition over Inheritance,Unix Philosophy,pass,Both affect assembly of focused reusable behavior.,pass,Unix components compose through stable interfaces; composition supplies the same assembly pressure instead of encoding combinations in subtype trees.,pass,Independent tools or behaviors can be replaced without subclass multiplication.,Reinforcement,,Reasoned Inference,pass,Counterexample: a shallow stable subtype required by a framework can be simpler.,medium,uncertain,,independent-review
P143,Composition over Inheritance,"Functional Core, Imperative Shell",pass,Both affect assembly of pure decisions with effectful execution.,pass,The shell composes a deterministic core with focused effect adapters instead of inheriting workflow behavior from a base class.,pass,Policy and effects can vary independently at the application edge.,Enablement,,Reasoned Inference,pass,Counterexample: fixed one-off workflows may need no collaborator structure.,medium,uncertain,,independent-review
P144,Composition over Inheritance,Negative Code,pass,Both affect replacement of subclass combinations.,pass,Factoring independent variation axes into composed behaviors can remove duplicated subclasses and overrides.,pass,The same combinations require fewer classes and less override machinery.,Enablement,,Reasoned Inference,pass,Counterexample: composition wiring can exceed a small closed hierarchy.,medium,uncertain,,independent-review
P145,Composition over Inheritance,Dead Code Elimination,fail,Composition over Inheritance decides reuse and variation mechanism; Dead Code Elimination decides artifact liveness.,fail,No repeatable causal path from applying Composition over Inheritance to the Dead Code Elimination decision follows from the profiles.,fail,Either decision can change without materially changing the other's required outcome.,Independence,,,pass,Counterexample: a team can assemble two independently varying behaviors while making no decision about artifact liveness.,medium,reject,,independent-review
P146,Composition over Inheritance,Refactoring Toward Primitives,fail,Composition over Inheritance decides reuse and variation mechanism; Refactoring Toward Primitives decides custom-versus-existing capability.,fail,No repeatable causal path from applying Composition over Inheritance to the Refactoring Toward Primitives decision follows from the profiles.,fail,Either decision can change without materially changing the other's required outcome.,Independence,,,pass,Counterexample: a team can assemble two independently varying behaviors while making no decision about custom-versus-existing capability.,medium,reject,,independent-review
P147,Composition over Inheritance,Dependency Inversion Principle,pass,Both affect connection of policy to outer detail adapters.,pass,Composition at the application edge supplies policy-owned ports with concrete adapters without requiring policy to inherit vendor behavior.,pass,Details become replaceable while source dependencies stay inward.,Enablement,,Reasoned Inference,pass,Counterexample: a stable direct detail may need neither composition nor inversion.,medium,uncertain,,independent-review
P148,Composition over Inheritance,Data-Driven Design,pass,Both affect representation of variation.,pass,"Regular cases can move to a typed table, while irregular behavior may remain composed collaborators; each avoids forcing the other mechanism beyond its fit.",pass,The design avoids both subclass matrices and callback-filled configuration.,Tension,Moderation,Reasoned Inference,pass,Counterexample: genuinely independent algorithmic strategies cannot be reduced to data rows.,medium,uncertain,,independent-review
P149,Composition over Inheritance,Make Illegal States Unrepresentable,fail,Composition over Inheritance decides reuse and variation mechanism; Make Illegal States Unrepresentable decides domain state representation.,fail,No repeatable causal path from applying Composition over Inheritance to the Make Illegal States Unrepresentable decision follows from the profiles.,fail,Either decision can change without materially changing the other's required outcome.,Independence,,,pass,Counterexample: a team can assemble two independently varying behaviors while making no decision about domain state representation.,medium,reject,,independent-review
P150,Composition over Inheritance,"Parse, Don't Validate",fail,"Composition over Inheritance decides reuse and variation mechanism; Parse, Don't Validate decides raw-to-trusted boundary conversion.",fail,"No repeatable causal path from applying Composition over Inheritance to the Parse, Don't Validate decision follows from the profiles.",fail,Either decision can change without materially changing the other's required outcome.,Independence,,,pass,Counterexample: a team can assemble two independently varying behaviors while making no decision about raw-to-trusted boundary conversion.,medium,reject,,independent-review
P151,Composition over Inheritance,"Tell, Don't Ask",fail,"Composition over Inheritance decides reuse and variation mechanism; Tell, Don't Ask decides ownership of state-dependent operations.",fail,"No repeatable causal path from applying Composition over Inheritance to the Tell, Don't Ask decision follows from the profiles.",fail,Either decision can change without materially changing the other's required outcome.,Independence,,,pass,Counterexample: a team can assemble two independently varying behaviors while making no decision about ownership of state-dependent operations.,medium,reject,,independent-review
P152,Composition over Inheritance,Law of Demeter,pass,Both affect visibility of composed collaborator structure.,pass,Demeter keeps callers from navigating through injected collaborators and requires the composed owner to expose a meaningful operation.,pass,Composition remains replaceable without leaking its wiring graph.,Moderation,,Reasoned Inference,pass,Counterexample: passing a needed immutable value directly is clearer than another forwarding method.,medium,uncertain,,independent-review
P153,Composition over Inheritance,Boy Scout Rule,fail,Composition over Inheritance decides reuse and variation mechanism; Boy Scout Rule decides incidental cleanup scope.,fail,No repeatable causal path from applying Composition over Inheritance to the Boy Scout Rule decision follows from the profiles.,fail,Either decision can change without materially changing the other's required outcome.,Independence,,,pass,Counterexample: a team can assemble two independently varying behaviors while making no decision about incidental cleanup scope.,medium,reject,,independent-review
P154,Convention over Configuration,Unix Philosophy,fail,Convention over Configuration decides default-versus-configuration choices; Unix Philosophy decides component scope and composition interfaces.,fail,No repeatable causal path from applying Convention over Configuration to the Unix Philosophy decision follows from the profiles.,fail,Either decision can change without materially changing the other's required outcome.,Independence,,,pass,Counterexample: a team can infer routine file locations while making no decision about component scope and composition interfaces.,medium,reject,,independent-review
P155,Convention over Configuration,"Functional Core, Imperative Shell",fail,"Convention over Configuration decides default-versus-configuration choices; Functional Core, Imperative Shell decides placement of decisions and effects.",fail,"No repeatable causal path from applying Convention over Configuration to the Functional Core, Imperative Shell decision follows from the profiles.",fail,Either decision can change without materially changing the other's required outcome.,Independence,,,pass,Counterexample: a team can infer routine file locations while making no decision about placement of decisions and effects.,medium,reject,,independent-review
P156,Convention over Configuration,Negative Code,pass,Both affect removal of redundant ordinary-case configuration.,pass,"Once a stable discoverable convention supplies the default, duplicate settings and discovery glue can be safely deleted.",pass,The ordinary case needs fewer artifacts and choices.,Enablement,,Reasoned Inference,pass,Counterexample: important exceptions still require explicit configuration and cannot be deleted.,medium,uncertain,,independent-review
P157,Convention over Configuration,Dead Code Elimination,fail,Convention over Configuration decides default-versus-configuration choices; Dead Code Elimination decides artifact liveness.,fail,No repeatable causal path from applying Convention over Configuration to the Dead Code Elimination decision follows from the profiles.,fail,Either decision can change without materially changing the other's required outcome.,Independence,,,pass,Counterexample: a team can infer routine file locations while making no decision about artifact liveness.,medium,reject,,independent-review
P158,Convention over Configuration,Refactoring Toward Primitives,pass,Both affect whether platform conventions replace custom discovery machinery.,pass,Adopting a trustworthy ecosystem convention lets standard loaders or framework primitives replace bespoke configuration and glue.,pass,Owned discovery code and repeated settings disappear.,Reinforcement,,Reasoned Inference,pass,Counterexample: obscure framework magic or incompatible migration can make custom explicit code cheaper.,medium,uncertain,,independent-review
P159,Convention over Configuration,Dependency Inversion Principle,pass,Both affect how adapters are selected and wired.,pass,"Convention can infer the ordinary adapter, while DIP requires policy to depend on an explicit domain contract; hidden precedence must not leak details inward.",pass,Wiring shrinks without obscuring the policy/detail boundary.,Tension,Moderation,Reasoned Inference,pass,Counterexample: security-sensitive provider choice should remain explicit.,medium,uncertain,,independent-review
P160,Convention over Configuration,Data-Driven Design,pass,Both affect representation of a dominant case and its regular exceptions.,pass,Convention handles the stable default; a small typed table can encode the remaining inspectable variations without repeated control flow.,pass,Common paths stay implicit while exceptions remain visible and validatable.,Complementary,,Reasoned Inference,pass,"Counterexample: if exceptions dominate, one explicit data table should replace the convention.",medium,uncertain,,independent-review
P161,Convention over Configuration,Make Illegal States Unrepresentable,fail,Convention over Configuration decides default-versus-configuration choices; Make Illegal States Unrepresentable decides domain state representation.,fail,No repeatable causal path from applying Convention over Configuration to the Make Illegal States Unrepresentable decision follows from the profiles.,fail,Either decision can change without materially changing the other's required outcome.,Independence,,,pass,Counterexample: a team can infer routine file locations while making no decision about domain state representation.,medium,reject,,independent-review
P162,Convention over Configuration,"Parse, Don't Validate",fail,"Convention over Configuration decides default-versus-configuration choices; Parse, Don't Validate decides raw-to-trusted boundary conversion.",fail,"No repeatable causal path from applying Convention over Configuration to the Parse, Don't Validate decision follows from the profiles.",fail,Either decision can change without materially changing the other's required outcome.,Independence,,,pass,Counterexample: a team can infer routine file locations while making no decision about raw-to-trusted boundary conversion.,medium,reject,,independent-review
P163,Convention over Configuration,"Tell, Don't Ask",fail,"Convention over Configuration decides default-versus-configuration choices; Tell, Don't Ask decides ownership of state-dependent operations.",fail,"No repeatable causal path from applying Convention over Configuration to the Tell, Don't Ask decision follows from the profiles.",fail,Either decision can change without materially changing the other's required outcome.,Independence,,,pass,Counterexample: a team can infer routine file locations while making no decision about ownership of state-dependent operations.,medium,reject,,independent-review
P164,Convention over Configuration,Law of Demeter,fail,Convention over Configuration decides default-versus-configuration choices; Law of Demeter decides collaborator knowledge depth.,fail,No repeatable causal path from applying Convention over Configuration to the Law of Demeter decision follows from the profiles.,fail,Either decision can change without materially changing the other's required outcome.,Independence,,,pass,Counterexample: a team can infer routine file locations while making no decision about collaborator knowledge depth.,medium,reject,,independent-review
P165,Convention over Configuration,Boy Scout Rule,fail,Convention over Configuration decides default-versus-configuration choices; Boy Scout Rule decides incidental cleanup scope.,fail,No repeatable causal path from applying Convention over Configuration to the Boy Scout Rule decision follows from the profiles.,fail,Either decision can change without materially changing the other's required outcome.,Independence,,,pass,Counterexample: a team can infer routine file locations while making no decision about incidental cleanup scope.,medium,reject,,independent-review
P166,Unix Philosophy,"Functional Core, Imperative Shell",pass,Both affect decomposition and recombination of decisions and effects.,pass,"A value-oriented core can be a focused transform, while the shell composes it with I/O and reports diagnostics separately.",pass,Policy is reusable and effects remain visible in the pipeline boundary.,Complementary,,Reasoned Inference,pass,Counterexample: transaction and recovery requirements can demand one cohesive in-process workflow.,medium,uncertain,,independent-review
P167,Unix Philosophy,Negative Code,pass,Both affect reuse of existing focused components instead of custom monoliths.,pass,Combining an existing tool through a stable interface can replace owned implementation and its perimeter.,pass,Required behavior is delivered with fewer local mechanisms.,Reinforcement,,Reasoned Inference,pass,Counterexample: an external process and ad hoc text protocol can cost more than a small local function.,medium,uncertain,,independent-review
P168,Unix Philosophy,Dead Code Elimination,fail,Unix Philosophy decides component scope and composition interfaces; Dead Code Elimination decides artifact liveness.,fail,No repeatable causal path from applying Unix Philosophy to the Dead Code Elimination decision follows from the profiles.,fail,Either decision can change without materially changing the other's required outcome.,Independence,,,pass,Counterexample: a team can compose a filter and formatter while making no decision about artifact liveness.,medium,reject,,independent-review
P169,Unix Philosophy,Refactoring Toward Primitives,pass,Both affect replacement of custom behavior with existing composable capability.,pass,Unix's combine-existing-tools action supplies candidate platform primitives; contract comparison determines whether they can replace local machinery.,pass,Owned code shrinks while behavior remains composable.,Reinforcement,,Reasoned Inference,pass,Counterexample: a command-line tool with mismatched errors or portability can fail the contract.,medium,uncertain,,independent-review
P170,Unix Philosophy,Dependency Inversion Principle,pass,Both affect stable interfaces between focused policy and details.,pass,"A simple composable interface can serve as the policy-owned boundary, with external tools or adapters supplying details.",pass,Focused policy can outlive a transport or storage implementation.,Complementary,,Reasoned Inference,pass,Counterexample: wrapping every stable tool behind a port creates useless forwarding layers.,medium,uncertain,,independent-review
P171,Unix Philosophy,Data-Driven Design,fail,Unix Philosophy decides component scope and composition interfaces; Data-Driven Design decides control-flow-versus-data representation.,fail,No repeatable causal path from applying Unix Philosophy to the Data-Driven Design decision follows from the profiles.,fail,Either decision can change without materially changing the other's required outcome.,Independence,,,pass,Counterexample: a team can compose a filter and formatter while making no decision about control-flow-versus-data representation.,medium,reject,,independent-review
P172,Unix Philosophy,Make Illegal States Unrepresentable,fail,Unix Philosophy decides component scope and composition interfaces; Make Illegal States Unrepresentable decides domain state representation.,fail,No repeatable causal path from applying Unix Philosophy to the Make Illegal States Unrepresentable decision follows from the profiles.,fail,Either decision can change without materially changing the other's required outcome.,Independence,,,pass,Counterexample: a team can compose a filter and formatter while making no decision about domain state representation.,medium,reject,,independent-review
P173,Unix Philosophy,"Parse, Don't Validate",pass,Both affect conversion at simple component interfaces.,pass,A component parses incoming stream or value data into a trusted internal type before focused processing and emits a stable representation.,pass,Raw-format checks do not leak through the pipeline.,Complementary,,Reasoned Inference,pass,Counterexample: a transparent typed in-process value may require no parsing boundary.,medium,uncertain,,independent-review
P174,Unix Philosophy,"Tell, Don't Ask",fail,"Unix Philosophy decides component scope and composition interfaces; Tell, Don't Ask decides ownership of state-dependent operations.",fail,"No repeatable causal path from applying Unix Philosophy to the Tell, Don't Ask decision follows from the profiles.",fail,Either decision can change without materially changing the other's required outcome.,Independence,,,pass,Counterexample: a team can compose a filter and formatter while making no decision about ownership of state-dependent operations.,medium,reject,,independent-review
P175,Unix Philosophy,Law of Demeter,pass,Both affect dependence on component internals.,pass,Stable simple interfaces let components compose without callers navigating their internal structures.,pass,Components remain replaceable and independently understandable.,Reinforcement,,Reasoned Inference,pass,Counterexample: excessive wrapper commands can create middle-men around plain data.,medium,uncertain,,independent-review
P176,Unix Philosophy,Boy Scout Rule,fail,Unix Philosophy decides component scope and composition interfaces; Boy Scout Rule decides incidental cleanup scope.,fail,No repeatable causal path from applying Unix Philosophy to the Boy Scout Rule decision follows from the profiles.,fail,Either decision can change without materially changing the other's required outcome.,Independence,,,pass,Counterexample: a team can compose a filter and formatter while making no decision about incidental cleanup scope.,medium,reject,,independent-review
P177,"Functional Core, Imperative Shell",Negative Code,fail,"Functional Core, Imperative Shell decides placement of decisions and effects; Negative Code decides safe implementation removal.",fail,"No repeatable causal path from applying Functional Core, Imperative Shell to the Negative Code decision follows from the profiles.",fail,Either decision can change without materially changing the other's required outcome.,Independence,,,pass,Counterexample: a team can evaluate pricing in a pure core while making no decision about safe implementation removal.,medium,reject,,independent-review
P178,"Functional Core, Imperative Shell",Dead Code Elimination,fail,"Functional Core, Imperative Shell decides placement of decisions and effects; Dead Code Elimination decides artifact liveness.",fail,"No repeatable causal path from applying Functional Core, Imperative Shell to the Dead Code Elimination decision follows from the profiles.",fail,Either decision can change without materially changing the other's required outcome.,Independence,,,pass,Counterexample: a team can evaluate pricing in a pure core while making no decision about artifact liveness.,medium,reject,,independent-review
P179,"Functional Core, Imperative Shell",Refactoring Toward Primitives,fail,"Functional Core, Imperative Shell decides placement of decisions and effects; Refactoring Toward Primitives decides custom-versus-existing capability.",fail,"No repeatable causal path from applying Functional Core, Imperative Shell to the Refactoring Toward Primitives decision follows from the profiles.",fail,Either decision can change without materially changing the other's required outcome.,Independence,,,pass,Counterexample: a team can evaluate pricing in a pure core while making no decision about custom-versus-existing capability.,medium,reject,,independent-review
P180,"Functional Core, Imperative Shell",Dependency Inversion Principle,pass,Both affect boundary between deterministic policy and volatile effects.,pass,The pure core acts as stable policy; shell adapters implement narrow domain-shaped effect contracts and are composed outside.,pass,Policy tests use explicit values while vendor types and I/O stay at the edge.,Complementary,,Reasoned Inference,pass,Counterexample: required latency or transaction semantics can make a simplistic port dishonest.,medium,uncertain,,independent-review
P181,"Functional Core, Imperative Shell",Data-Driven Design,pass,Both affect representation and execution of deterministic decision rules.,pass,"A typed case table and small interpreter can live in the pure core, while the shell supplies and persists external data.",pass,Regular policy becomes direct input/output logic instead of effect-entangled branches.,Complementary,,Reasoned Inference,pass,Counterexample: remotely loaded rules can introduce failure and lifecycle concerns that belong in the shell.,medium,uncertain,,independent-review
P182,"Functional Core, Imperative Shell",Make Illegal States Unrepresentable,pass,Both affect input and output shapes of a deterministic core.,pass,Precise domain types reduce impossible branches and partial outcomes inside value-to-value policy functions.,pass,"The core becomes smaller, more total, and easier to test exhaustively.",Enablement,,Reasoned Inference,pass,Counterexample: concurrent inventory facts cannot be frozen into the input type as permanently valid.,medium,uncertain,,independent-review
P183,"Functional Core, Imperative Shell","Parse, Don't Validate",pass,Both affect boundary preparation of data for pure policy.,pass,"The shell parses raw external input into trusted values before invoking the core, preserving validation evidence in its inputs.",pass,Core logic avoids I/O-shaped checks and casts.,Sequencing,Enablement,Reasoned Inference,pass,Counterexample: mutable authorization must still be checked near the effect that uses it.,high,uncertain,,independent-review
P184,"Functional Core, Imperative Shell","Tell, Don't Ask",pass,Both affect placement of an invariant operation and its effects.,pass,"A domain operation can decide a transition in the core, while the shell loads state and executes persistence or messages.",pass,Invariant behavior stays beside domain state without absorbing infrastructure workflow.,Complementary,,Reasoned Inference,pass,Counterexample: inherently effectful locking decisions may not separate cleanly.,medium,uncertain,,independent-review
P185,"Functional Core, Imperative Shell",Law of Demeter,pass,Both affect knowledge the policy core has of infrastructure structure.,pass,"Passing explicit values and intended actions prevents core policy from navigating databases, clients, or service graphs.",pass,Infrastructure rearrangement affects the shell rather than domain decisions.,Reinforcement,,Reasoned Inference,pass,Counterexample: wrapping transparent immutable values merely to reduce dots adds no protection.,medium,uncertain,,independent-review
P186,"Functional Core, Imperative Shell",Boy Scout Rule,fail,"Functional Core, Imperative Shell decides placement of decisions and effects; Boy Scout Rule decides incidental cleanup scope.",fail,"No repeatable causal path from applying Functional Core, Imperative Shell to the Boy Scout Rule decision follows from the profiles.",fail,Either decision can change without materially changing the other's required outcome.,Independence,,,pass,Counterexample: a team can evaluate pricing in a pure core while making no decision about incidental cleanup scope.,medium,reject,,independent-review
P187,Negative Code,Dead Code Elimination,pass,Both affect safe removal of maintained artifacts.,pass,Dead Code Elimination is a narrower proof route for Negative Code: non-liveness establishes that deletion preserves supported outcomes.,pass,Unreachable paths and their supporting perimeter can be removed with no contract change.,Overlap,Reinforcement,Reasoned Inference,pass,"Counterexample: live redundant code may still be removable by replacement, but it is not dead.",high,uncertain,,independent-review
P188,Negative Code,Refactoring Toward Primitives,pass,Both affect contract-preserving replacement of owned machinery.,pass,"A trustworthy primitive assumes the required contract, after which the custom implementation and obsolete glue can be deleted.",pass,Fewer local edge cases and lifecycle obligations remain.,Enablement,,Reasoned Inference,pass,Counterexample: a heavy or semantically different primitive can increase total machinery.,high,uncertain,,independent-review
P189,Negative Code,Dependency Inversion Principle,fail,Negative Code decides safe implementation removal; Dependency Inversion Principle decides policy/detail dependency direction.,fail,No repeatable causal path from applying Negative Code to the Dependency Inversion Principle decision follows from the profiles.,fail,Either decision can change without materially changing the other's required outcome.,Independence,,,pass,Counterexample: a team can delete an obsolete wrapper while making no decision about policy/detail dependency direction.,medium,reject,,independent-review
P190,Negative Code,Data-Driven Design,pass,Both affect replacement of repeated control-flow implementations.,pass,A typed table plus one algorithm can make repeated branches and case-specific implementations removable.,pass,The same decision space is maintained with less owned code.,Enablement,,Reasoned Inference,pass,Counterexample: irregular cases forced into an interpreter can add more code than direct branches.,medium,uncertain,,independent-review
P191,Negative Code,Make Illegal States Unrepresentable,pass,Both affect removal of checks for structurally impossible cases.,pass,"After controlled construction excludes invalid combinations, downstream defensive branches that handled those combinations can be deleted.",pass,The implementation loses repeated guards without weakening the invariant.,Enablement,,Reasoned Inference,pass,Counterexample: checks for mutable remote facts remain live and must not be removed.,medium,uncertain,,independent-review
P192,Negative Code,"Parse, Don't Validate",pass,Both affect removal of repeated raw-input validation.,pass,"Once parsing yields a trusted value, downstream rechecks, casts, and error plumbing for the same structural facts can be removed.",pass,The boundary proof replaces multiple maintained validation paths.,Enablement,,Reasoned Inference,pass,Counterexample: use-time authorization and resource limits still require checks.,medium,uncertain,,independent-review
P193,Negative Code,"Tell, Don't Ask",pass,Both affect removal of duplicated query-decide-mutate sequences.,pass,One state-owner operation can replace several caller implementations and expose a smaller mutation surface.,pass,Duplicated policy and bypass glue are deleted while behavior remains.,Enablement,,Reasoned Inference,pass,Counterexample: reporting queries should not be deleted in favor of meaningless commands.,medium,uncertain,,independent-review
P194,Negative Code,Law of Demeter,fail,Negative Code decides safe implementation removal; Law of Demeter decides collaborator knowledge depth.,fail,No repeatable causal path from applying Negative Code to the Law of Demeter decision follows from the profiles.,fail,Either decision can change without materially changing the other's required outcome.,Independence,,,pass,Counterexample: a team can delete an obsolete wrapper while making no decision about collaborator knowledge depth.,medium,reject,,independent-review
P195,Negative Code,Boy Scout Rule,pass,Both affect timing and scope of small safe deletion.,pass,"Boy Scout scope supplies a touched, understood slice in which contract-preserving removal can be reviewed and verified.",pass,Obsolete local machinery is reduced incrementally without a broad cleanup project.,Sequencing,,Reasoned Inference,pass,Counterexample: deleting an uncertain public path is not a bounded incidental improvement.,medium,uncertain,,independent-review
P196,Dead Code Elimination,Refactoring Toward Primitives,pass,Both affect cleanup after a primitive replacement.,pass,"Once calls move to the contract-equivalent primitive, liveness analysis can identify the old custom implementation and perimeter as unused.",pass,The replacement completes without leaving false choices or dependencies.,Sequencing,,Reasoned Inference,pass,Counterexample: an external consumer may keep the old entry point live.,high,uncertain,,independent-review
P197,Dead Code Elimination,Dependency Inversion Principle,fail,Dead Code Elimination decides artifact liveness; Dependency Inversion Principle decides policy/detail dependency direction.,fail,No repeatable causal path from applying Dead Code Elimination to the Dependency Inversion Principle decision follows from the profiles.,fail,Either decision can change without materially changing the other's required outcome.,Independence,,,pass,Counterexample: a team can remove an unreachable flag path while making no decision about policy/detail dependency direction.,medium,reject,,independent-review
P198,Dead Code Elimination,Data-Driven Design,fail,Dead Code Elimination decides artifact liveness; Data-Driven Design decides control-flow-versus-data representation.,fail,No repeatable causal path from applying Dead Code Elimination to the Data-Driven Design decision follows from the profiles.,fail,Either decision can change without materially changing the other's required outcome.,Independence,,,pass,Counterexample: a team can remove an unreachable flag path while making no decision about control-flow-versus-data representation.,medium,reject,,independent-review
P199,Dead Code Elimination,Make Illegal States Unrepresentable,pass,Both affect liveness of branches for excluded states.,pass,"After construction makes a state unrepresentable, branches reachable only from that state become candidates for proven removal.",pass,Consumers have fewer impossible-case paths to test and maintain.,Sequencing,,Reasoned Inference,pass,Counterexample: unsafe casts or legacy serialized values can keep the branch reachable.,medium,uncertain,,independent-review
P200,Dead Code Elimination,"Parse, Don't Validate",pass,Both affect liveness of downstream structural-validation paths.,pass,"After all entry paths parse into trusted types, repeated branches for malformed raw structure can become unreachable and removable.",pass,Validation logic remains once at the boundary instead of as dead downstream defenses.,Sequencing,,Reasoned Inference,pass,Counterexample: a bypass path that still accepts raw values keeps those checks live.,medium,uncertain,,independent-review
P201,Dead Code Elimination,"Tell, Don't Ask",fail,"Dead Code Elimination decides artifact liveness; Tell, Don't Ask decides ownership of state-dependent operations.",fail,"No repeatable causal path from applying Dead Code Elimination to the Tell, Don't Ask decision follows from the profiles.",fail,Either decision can change without materially changing the other's required outcome.,Independence,,,pass,Counterexample: a team can remove an unreachable flag path while making no decision about ownership of state-dependent operations.,medium,reject,,independent-review
P202,Dead Code Elimination,Law of Demeter,fail,Dead Code Elimination decides artifact liveness; Law of Demeter decides collaborator knowledge depth.,fail,No repeatable causal path from applying Dead Code Elimination to the Law of Demeter decision follows from the profiles.,fail,Either decision can change without materially changing the other's required outcome.,Independence,,,pass,Counterexample: a team can remove an unreachable flag path while making no decision about collaborator knowledge depth.,medium,reject,,independent-review
P203,Dead Code Elimination,Boy Scout Rule,pass,Both affect safe local removal during a real change.,pass,"DCE supplies liveness evidence; Boy Scout limits removal to a touched, reviewable slice and requires proportionate verification.",pass,Dead artifacts can disappear incrementally without repository-wide cleanup.,Complementary,,Reasoned Inference,pass,Counterexample: uncertain dynamic registration requires investigation beyond incidental scope.,medium,uncertain,,independent-review
P204,Refactoring Toward Primitives,Dependency Inversion Principle,pass,Both affect whether a platform capability should be used directly or wrapped by policy.,pass,"Primitive refactoring removes needless wrappers, while DIP retains a narrow domain port only when volatility or policy isolation is demonstrated.",pass,The design avoids both vendor leakage and ceremonial adapter stacks.,Tension,Moderation,Reasoned Inference,pass,Counterexample: a stable standard-library primitive can be called directly from policy.,medium,uncertain,,independent-review
P205,Refactoring Toward Primitives,Data-Driven Design,fail,Refactoring Toward Primitives decides custom-versus-existing capability; Data-Driven Design decides control-flow-versus-data representation.,fail,No repeatable causal path from applying Refactoring Toward Primitives to the Data-Driven Design decision follows from the profiles.,fail,Either decision can change without materially changing the other's required outcome.,Independence,,,pass,Counterexample: a team can replace a custom parser with a standard primitive while making no decision about control-flow-versus-data representation.,medium,reject,,independent-review
P206,Refactoring Toward Primitives,Make Illegal States Unrepresentable,pass,Both affect choice of an existing invariant-enforcing representation.,pass,"A language, database, or library primitive can replace custom state machinery while structurally excluding invalid values.",pass,The invariant gains mature enforcement with less owned code.,Enablement,,Reasoned Inference,pass,Counterexample: a similarly named primitive with different semantics cannot represent the domain.,medium,uncertain,,independent-review
P207,Refactoring Toward Primitives,"Parse, Don't Validate",pass,Both affect implementation of the raw-to-trusted conversion.,pass,"A standard decoder, parser, or typed constructor can replace bespoke validation while returning a precise value or useful error.",pass,Boundary code and edge-case ownership shrink.,Enablement,,Reasoned Inference,pass,Counterexample: domain-specific normalization may require a small custom parser.,medium,uncertain,,independent-review
P208,Refactoring Toward Primitives,"Tell, Don't Ask",fail,"Refactoring Toward Primitives decides custom-versus-existing capability; Tell, Don't Ask decides ownership of state-dependent operations.",fail,"No repeatable causal path from applying Refactoring Toward Primitives to the Tell, Don't Ask decision follows from the profiles.",fail,Either decision can change without materially changing the other's required outcome.,Independence,,,pass,Counterexample: a team can replace a custom parser with a standard primitive while making no decision about ownership of state-dependent operations.,medium,reject,,independent-review
P209,Refactoring Toward Primitives,Law of Demeter,pass,Both affect whether direct primitive use leaks unstable internals.,pass,"Primitive refactoring favors direct reuse, while Demeter justifies a cohesive boundary only when callers would otherwise depend on an unstable object graph.",pass,Unnecessary wrappers disappear without exporting structural coupling.,Tension,Moderation,Reasoned Inference,pass,Counterexample: direct operations on an immutable standard value need no facade.,medium,uncertain,,independent-review
P210,Refactoring Toward Primitives,Boy Scout Rule,pass,Both affect scope and timing of a local primitive substitution.,pass,"Boy Scout scope limits replacement to a touched, well-characterized slice; primitive comparison supplies the concrete cleanup.",pass,A small custom helper can be removed without expanding into platform migration.,Complementary,,Reasoned Inference,pass,Counterexample: repository-wide API replacement requires separate planning and is not incidental.,medium,uncertain,,independent-review
P211,Dependency Inversion Principle,Data-Driven Design,fail,Dependency Inversion Principle decides policy/detail dependency direction; Data-Driven Design decides control-flow-versus-data representation.,fail,No repeatable causal path from applying Dependency Inversion Principle to the Data-Driven Design decision follows from the profiles.,fail,Either decision can change without materially changing the other's required outcome.,Independence,,,pass,Counterexample: a team can put a storage adapter behind a policy-owned port while making no decision about control-flow-versus-data representation.,medium,reject,,independent-review
P212,Dependency Inversion Principle,Make Illegal States Unrepresentable,pass,Both affect shape of the policy-owned contract.,pass,Domain-precise request and result types keep vendor states and invalid combinations outside the port policy owns.,pass,"Adapters must translate details before policy consumes them, reducing invalid cases inward.",Reinforcement,,Reasoned Inference,pass,Counterexample: remote failures and latency cannot be encoded away as impossible.,medium,uncertain,,independent-review
P213,Dependency Inversion Principle,"Parse, Don't Validate",pass,Both affect translation at a detail adapter boundary.,pass,An outer adapter parses vendor or transport data into the domain-shaped values required by the policy port.,pass,Raw types and repeated validation do not leak into stable policy.,Enablement,,Reasoned Inference,pass,Counterexample: mutable external facts may still require checks during each adapter call.,medium,uncertain,,independent-review
P214,Dependency Inversion Principle,"Tell, Don't Ask",pass,Both affect capability exposed to stable policy.,pass,A domain-shaped port or aggregate command lets policy request a meaningful operation instead of querying detail state and reconstructing its rules.,pass,Vendor structure and mutation sequences remain behind the boundary.,Reinforcement,,Reasoned Inference,pass,Counterexample: read-only orchestration can legitimately request data through a narrow query.,medium,uncertain,,independent-review
P215,Dependency Inversion Principle,Law of Demeter,pass,Both affect knowledge policy has of volatile details.,pass,"A narrow policy-owned port is the immediate meaningful interface Demeter requires, preventing navigation into vendor object graphs.",pass,Detail restructuring is absorbed by the adapter.,Reinforcement,,Reasoned Inference,pass,Counterexample: a trivial stable value object needs neither adapter nor protective facade.,high,uncertain,,independent-review
P216,Dependency Inversion Principle,Boy Scout Rule,fail,Dependency Inversion Principle decides policy/detail dependency direction; Boy Scout Rule decides incidental cleanup scope.,fail,No repeatable causal path from applying Dependency Inversion Principle to the Boy Scout Rule decision follows from the profiles.,fail,Either decision can change without materially changing the other's required outcome.,Independence,,,pass,Counterexample: a team can put a storage adapter behind a policy-owned port while making no decision about incidental cleanup scope.,medium,reject,,independent-review
P217,Data-Driven Design,Make Illegal States Unrepresentable,pass,Both affect schema for regular case data.,pass,Precise row and key types exclude invalid combinations and make the table's decision space exhaustive or validateable.,pass,The interpreter can omit defensive branches for malformed case data.,Enablement,,Reasoned Inference,pass,Counterexample: remotely mutable data still needs runtime validation and lifecycle handling.,medium,uncertain,,independent-review
P218,Data-Driven Design,"Parse, Don't Validate",pass,Both affect construction of trusted case tables.,pass,Parsing converts raw configuration into typed rows before the shared algorithm operates on them.,pass,The interpreter sees one valid schema and avoids scattered string-key checks.,Enablement,,Reasoned Inference,pass,Counterexample: developer-owned typed constants may need no raw parsing step.,medium,uncertain,,independent-review
P219,Data-Driven Design,"Tell, Don't Ask",pass,Both affect placement of regular rules versus state-owned transitions.,pass,"Regular static variation can live in data, while a transition depending on owned mutable state belongs in a meaningful owner operation.",pass,Rules avoid both scattered branches and an anemic state object.,Tension,Moderation,Reasoned Inference,pass,Counterexample: callback-filled rows that mutate aggregate state should be code on the owner.,medium,uncertain,,independent-review
P220,Data-Driven Design,Law of Demeter,fail,Data-Driven Design decides control-flow-versus-data representation; Law of Demeter decides collaborator knowledge depth.,fail,No repeatable causal path from applying Data-Driven Design to the Law of Demeter decision follows from the profiles.,fail,Either decision can change without materially changing the other's required outcome.,Independence,,,pass,Counterexample: a team can replace regular branches with a typed table while making no decision about collaborator knowledge depth.,medium,reject,,independent-review
P221,Data-Driven Design,Boy Scout Rule,fail,Data-Driven Design decides control-flow-versus-data representation; Boy Scout Rule decides incidental cleanup scope.,fail,No repeatable causal path from applying Data-Driven Design to the Boy Scout Rule decision follows from the profiles.,fail,Either decision can change without materially changing the other's required outcome.,Independence,,,pass,Counterexample: a team can replace regular branches with a typed table while making no decision about incidental cleanup scope.,medium,reject,,independent-review
P222,Make Illegal States Unrepresentable,"Parse, Don't Validate",pass,Both affect construction boundary for precise domain values.,pass,Parsing is the controlled path that checks raw input and returns the representation whose invalid combinations cannot escape.,pass,Validation evidence is preserved and impossible-case branches disappear downstream.,Enablement,Reinforcement,Reasoned Inference,pass,Counterexample: authorization and concurrent uniqueness remain contextual checks.,high,uncertain,,independent-review
P223,Make Illegal States Unrepresentable,"Tell, Don't Ask",pass,Both affect protection of a state invariant.,pass,A precise representation narrows possible states; owner commands control transitions so callers cannot assemble invalid mutation sequences.,pass,Both stored states and transition paths preserve the invariant.,Complementary,,Reasoned Inference,pass,Counterexample: external mutable facts still require commands to fail at use time.,medium,uncertain,,independent-review
P224,Make Illegal States Unrepresentable,Law of Demeter,fail,Make Illegal States Unrepresentable decides domain state representation; Law of Demeter decides collaborator knowledge depth.,fail,No repeatable causal path from applying Make Illegal States Unrepresentable to the Law of Demeter decision follows from the profiles.,fail,Either decision can change without materially changing the other's required outcome.,Independence,,,pass,Counterexample: a team can model mutually exclusive states as a sum type while making no decision about collaborator knowledge depth.,medium,reject,,independent-review
P225,Make Illegal States Unrepresentable,Boy Scout Rule,fail,Make Illegal States Unrepresentable decides domain state representation; Boy Scout Rule decides incidental cleanup scope.,fail,No repeatable causal path from applying Make Illegal States Unrepresentable to the Boy Scout Rule decision follows from the profiles.,fail,Either decision can change without materially changing the other's required outcome.,Independence,,,pass,Counterexample: a team can model mutually exclusive states as a sum type while making no decision about incidental cleanup scope.,medium,reject,,independent-review
P226,"Parse, Don't Validate","Tell, Don't Ask",pass,Both affect preparation of a domain command's inputs.,pass,Raw requests are parsed into precise command values before the state owner applies its invariant and transition.,pass,The owner does not repeat structural validation or accept ambiguous inputs.,Sequencing,,Reasoned Inference,pass,Counterexample: the owner must still reject validly parsed commands that violate current state.,medium,uncertain,,independent-review
P227,"Parse, Don't Validate",Law of Demeter,pass,Both affect boundary between external structure and domain collaboration.,pass,Parsing extracts the needed domain value from a raw nested representation so inner callers need not navigate that external graph.,pass,Format changes stay at the parser rather than spreading object-chain knowledge.,Complementary,,Reasoned Inference,pass,Counterexample: direct access to a stable immutable record can be clearer than an extra parser wrapper.,medium,uncertain,,independent-review
P228,"Parse, Don't Validate",Boy Scout Rule,fail,"Parse, Don't Validate decides raw-to-trusted boundary conversion; Boy Scout Rule decides incidental cleanup scope.",fail,"No repeatable causal path from applying Parse, Don't Validate to the Boy Scout Rule decision follows from the profiles.",fail,Either decision can change without materially changing the other's required outcome.,Independence,,,pass,Counterexample: a team can parse a raw identifier into a trusted value while making no decision about incidental cleanup scope.,medium,reject,,independent-review
P229,"Tell, Don't Ask",Law of Demeter,pass,Both affect replacement of query and graph navigation with an owner operation.,pass,"Demeter locates the nearest meaningful owner; Tell, Don't Ask moves the state-dependent decision there instead of exposing nested state to callers.",pass,Object-graph coupling and duplicated invariant logic shrink together.,Reinforcement,Overlap,Reasoned Inference,pass,Counterexample: reporting over immutable values legitimately asks and traverses data.,high,uncertain,,independent-review
P230,"Tell, Don't Ask",Boy Scout Rule,fail,"Tell, Don't Ask decides ownership of state-dependent operations; Boy Scout Rule decides incidental cleanup scope.",fail,"No repeatable causal path from applying Tell, Don't Ask to the Boy Scout Rule decision follows from the profiles.",fail,Either decision can change without materially changing the other's required outcome.,Independence,,,pass,Counterexample: a team can ask an aggregate to perform a valid transition while making no decision about incidental cleanup scope.,medium,reject,,independent-review
P231,Law of Demeter,Boy Scout Rule,fail,Law of Demeter decides collaborator knowledge depth; Boy Scout Rule decides incidental cleanup scope.,fail,No repeatable causal path from applying Law of Demeter to the Boy Scout Rule decision follows from the profiles.,fail,Either decision can change without materially changing the other's required outcome.,Independence,,,pass,Counterexample: a team can replace a nested object-chain call with a cohesive operation while making no decision about incidental cleanup scope.,medium,reject,,independent-review
