pair_id,principle_a,principle_b,shared_surface,shared_surface_note,mechanism,mechanism_note,material_consequence,consequence_note,primary_type,secondary_types,evidence_grade,counterexample,context_dependence,confidence,disposition,dossier,journal_refs
P001,KISS,YAGNI,pass,Causally connected decisions: KISS governs overall implementation and lifecycle complexity; YAGNI governs timing of capability and extensibility.,pass,Deferring unneeded capability prevents the extra mechanisms whose lifecycle cost KISS would otherwise have to remove.,pass,"A design review can reject an option, extension point, or compatibility path before it becomes carrying complexity.",Reinforcement,,Direct,"A current accessibility or recovery requirement is not speculative, even if it adds substantial structure.",Applies when a proposed mechanism exists only for a presumed future consumer.,high,publish,pair-dossiers/P001-kiss-yagni.md,J-20260715-1920-04;J-20260715-1935-05;J-20260715-1950-06;J-20260715-2015-07;J-20260715-2050-09
P002,KISS,DRY,pass,Causally connected decisions: KISS governs overall implementation and lifecycle complexity; DRY governs authority for changing knowledge.,pass,"DRY can remove coordinated authorities, but KISS rejects a shared abstraction when its indirection costs more than the duplication it removes.",pass,The reviewer must choose between a narrow authority and intentionally separate local copies instead of deduplicating by appearance.,Moderation,,Convergent,Two identical literals owned by independent policies should remain separate despite textual duplication.,"Applies when several representations may encode one changing fact, but extraction adds a new abstraction.",high,publish,pair-dossiers/P002-kiss-dry.md,J-20260715-1920-04;J-20260715-1935-05;J-20260715-1950-06;J-20260715-2015-07;J-20260715-2050-09
P003,KISS,Rule of Three,pass,Causally connected decisions: KISS governs overall implementation and lifecycle complexity; Rule of Three governs timing and scope of abstraction.,pass,The Rule of Three supplies an evidence threshold that keeps KISS from mistaking speculative generality for necessary structure.,pass,Early cases remain direct; abstraction is introduced only after concrete variation shows what structure is justified.,Reinforcement,,Convergent,"A published protocol already defines one authority, so waiting for three local copies would add risk.",Applies when an abstraction is proposed from one or two uncertain examples.,high,publish,pair-dossiers/P003-kiss-rule-of-three.md,J-20260715-1920-04;J-20260715-1935-05;J-20260715-1950-06;J-20260715-2015-07;J-20260715-2050-09
P004,KISS,Occam's Razor,pass,Causally connected decisions: KISS governs overall implementation and lifecycle complexity; Occam's Razor governs selection among equally adequate designs or explanations.,pass,"Both compare adequate choices by unnecessary complexity, while Occam specifically tests unsupported assumptions and KISS counts implementation and lifecycle mechanisms.",pass,The same candidate can be rejected both for unsupported premises and for unjustified maintenance obligations.,Overlap,,Convergent,A shorter design that omits a required audit trail is not adequate and is favored by neither principle.,Applies when multiple designs satisfy the same complete requirements.,high,publish,pair-dossiers/P004-kiss-occam-s-razor.md,J-20260715-1920-04;J-20260715-1935-05;J-20260715-1950-06;J-20260715-2015-07;J-20260715-2050-09
P005,KISS,Principle of Least Power,pass,Causally connected decisions: KISS governs overall implementation and lifecycle complexity; Principle of Least Power governs expressive power of the chosen mechanism.,pass,Choosing a less expressive adequate mechanism removes possible behaviors and side effects from the design KISS asks maintainers to understand.,pass,"A static mapping, schema, native element, or query can replace a callback, script, or plugin system.",Reinforcement,,Convergent,A stateful recovery workflow may be clearer as ordinary code than as an overgrown declarative language.,Applies when the complete requirement fits a constrained mechanism without contortion.,high,publish,pair-dossiers/P005-kiss-principle-of-least-power.md,J-20260715-1920-04;J-20260715-1935-05;J-20260715-1950-06;J-20260715-2015-07;J-20260715-2050-09
P006,KISS,Separation of Concerns,pass,Causally connected decisions: KISS governs overall implementation and lifecycle complexity; Separation of Concerns governs logical boundaries between kinds of decisions.,pass,"A boundary can reduce entanglement but also adds concepts, navigation, and contracts; KISS requires the separation to repay that cost.",pass,The implementation uses the cheapest meaningful boundary and avoids forwarding layers or unnecessary services.,Moderation,Tension,Convergent,Splitting one cohesive invariant across files increases complexity without independent change benefit.,"Applies when concerns change independently, but several possible boundary strengths exist.",high,publish,pair-dossiers/P006-kiss-separation-of-concerns.md,J-20260715-1920-04;J-20260715-1935-05;J-20260715-1950-06;J-20260715-2015-07;J-20260715-2050-09
P007,KISS,Single Responsibility Principle,fail,Distinct operational decisions: KISS governs overall implementation and lifecycle complexity; Single Responsibility Principle governs module cohesion around reasons for change. The profiles do not establish a shared or causal decision surface.,fail,"Neither operational profile changes the other's general preconditions, cost, timing, risk, or outcome without additional project-specific facts.",fail,No implementation or review decision changes from the profiles alone.,Independence,,,A project can apply KISS to overall implementation and lifecycle complexity while no decision concerning module cohesion around reasons for change arises.,"A relationship may occur in a specific refactoring, but it is not entailed by the canonical profiles.",high,reject,,J-20260715-1920-04
P008,KISS,Composition over Inheritance,pass,Both affect mechanism used for reuse or variation.,fail,"Rejected hypothesis: KISS compares direct code, composition wiring, and inheritance against the actual variation instead of automatically adding collaborators.",fail,No context-independent implementation or review consequence was supported.,Independence,,Unsupported,pass,"A project-specific interaction may exist, but no general mechanism survived the evidence and counterexample tests.",medium,reject,pair-dossiers/P008-kiss-composition-over-inheritance.md,J-20260715-1920-04;J-20260715-1935-05;J-20260715-1950-06
P009,KISS,Convention over Configuration,pass,Causally connected decisions: KISS governs overall implementation and lifecycle complexity; Convention over Configuration governs routine defaults versus explicit exceptions.,pass,"A discoverable convention removes repetitive configuration, while KISS prevents convention from becoming hidden magic or a complex precedence system.",pass,The common path uses one predictable default and only real exceptions remain explicit.,Moderation,Reinforcement;Tension,Convergent,"When exceptions dominate or policy is important, explicit configuration is simpler than inference.",Applies when most instances make the same routine choice.,high,publish,pair-dossiers/P009-kiss-convention-over-configuration.md,J-20260715-1920-04;J-20260715-1935-05;J-20260715-1950-06;J-20260715-2015-07;J-20260715-2050-09
P010,KISS,Unix Philosophy,pass,Both affect component granularity and interface count.,fail,"Rejected hypothesis: KISS stops focused-tool decomposition when process, protocol, and failure-coordination costs exceed the complexity removed from a monolith.",fail,No context-independent implementation or review consequence was supported.,Independence,,Unsupported,pass,"A project-specific interaction may exist, but no general mechanism survived the evidence and counterexample tests.",medium,reject,pair-dossiers/P010-kiss-unix-philosophy.md,J-20260715-1920-04;J-20260715-1935-05;J-20260715-1950-06
P011,KISS,"Functional Core, Imperative Shell",fail,"Distinct operational decisions: KISS governs overall implementation and lifecycle complexity; Functional Core, Imperative Shell governs placement of deterministic decisions and effects. The profiles do not establish a shared or causal decision surface.",fail,"Neither operational profile changes the other's general preconditions, cost, timing, risk, or outcome without additional project-specific facts.",fail,No implementation or review decision changes from the profiles alone.,Independence,,,A project can apply KISS to overall implementation and lifecycle complexity while no decision concerning placement of deterministic decisions and effects arises.,"A relationship may occur in a specific refactoring, but it is not entailed by the canonical profiles.",high,reject,,J-20260715-1920-04
P012,KISS,Negative Code,pass,Causally connected decisions: KISS governs overall implementation and lifecycle complexity; Negative Code governs net removal of owned machinery while preserving contract.,pass,A contract-preserving deletion pass directly reduces the concepts and obligations KISS counts.,pass,"After correctness is established, redundant layers, wrappers, options, and obsolete perimeter artifacts can be removed.",Reinforcement,,Convergent,Compressing readable code into a clever one-liner reduces lines but not whole-system complexity.,Applies when evidence shows an implementation slice is replaceable or redundant.,high,publish,pair-dossiers/P012-kiss-negative-code.md,J-20260715-1920-04;J-20260715-1935-05;J-20260715-1950-06;J-20260715-2015-07;J-20260715-2050-09
P013,KISS,Dead Code Elimination,pass,Causally connected decisions: KISS governs overall implementation and lifecycle complexity; Dead Code Elimination governs liveness within the supported system boundary.,pass,"Proven-dead behavior creates complexity without any supported outcome, so its removal is unambiguously consistent with KISS.",pass,"The change deletes false choices, branches, flags, and dependent artifacts after liveness analysis.",Reinforcement,,Convergent,A rarely used disaster-recovery path is live even when static search finds no callers.,Applies when the supported-system boundary proves the candidate unobservable.,high,publish,pair-dossiers/P013-kiss-dead-code-elimination.md,J-20260715-1920-04;J-20260715-1935-05;J-20260715-1950-06;J-20260715-2015-07;J-20260715-2050-09
P014,KISS,Refactoring Toward Primitives,pass,Causally connected decisions: KISS governs overall implementation and lifecycle complexity; Refactoring Toward Primitives governs replacement of custom code by existing capabilities.,pass,"An adequate existing primitive can remove custom implementation, tests, glue, and edge-case obligations from the whole design.",pass,The team chooses direct platform use when its exact semantics cost less than continuing to own custom machinery.,Reinforcement,,Convergent,A heavy dependency for a clear ten-line local function increases total complexity.,Applies when a primitive matches the required contract and support baseline.,high,publish,pair-dossiers/P014-kiss-refactoring-toward-primitives.md,J-20260715-1920-04;J-20260715-1935-05;J-20260715-1950-06;J-20260715-2015-07;J-20260715-2050-09
P015,KISS,Dependency Inversion Principle,pass,Causally connected decisions: KISS governs overall implementation and lifecycle complexity; Dependency Inversion Principle governs contract ownership and source-dependency direction.,pass,"A policy-owned boundary can simplify change around a volatile detail, but unjustified interfaces and containers add indirection.",pass,The implementation either uses a minimal domain-shaped function boundary or keeps a stable detail direct.,Tension,Moderation,Convergent,A fixed internal helper with no boundary role is simpler when called directly.,Applies when policy is coupled to a demonstrably volatile or external detail.,high,publish,pair-dossiers/P015-kiss-dependency-inversion-principle.md,J-20260715-1920-04;J-20260715-1935-05;J-20260715-1950-06;J-20260715-2015-07;J-20260715-2050-09
P016,KISS,Data-Driven Design,pass,Causally connected decisions: KISS governs overall implementation and lifecycle complexity; Data-Driven Design governs representation of regular variation as data or control flow.,pass,"A table can simplify regular branches, but a generic interpreter or callback-filled configuration can hide more complexity than direct control flow.",pass,The reviewer chooses a typed lookup only for regular cases and leaves irregular algorithms in code.,Moderation,Tension,Convergent,Three unrelated algorithms do not become simpler when stored as callbacks in a table.,Applies when cases share one algorithm and vary along inspectable dimensions.,high,publish,pair-dossiers/P016-kiss-data-driven-design.md,J-20260715-1920-04;J-20260715-1935-05;J-20260715-1950-06;J-20260715-2015-07;J-20260715-2050-09
P017,KISS,Make Illegal States Unrepresentable,pass,Causally connected decisions: KISS governs overall implementation and lifecycle complexity; Make Illegal States Unrepresentable governs representation and enforcement of stable invariants.,pass,"A precise representation removes downstream branches, but elaborate type machinery can cost more understanding than the invalid states it excludes.",pass,The model encodes only high-value stable invariants with the least elaborate adequate type or constructor.,Tension,,Convergent,A single local range check may be clearer than a novel advanced type encoding.,Applies when many consumers otherwise handle the same impossible combinations.,high,publish,pair-dossiers/P017-kiss-make-illegal-states-unrepresentable.md,J-20260715-1920-04;J-20260715-1935-05;J-20260715-1950-06;J-20260715-2015-07;J-20260715-2050-09
P018,KISS,"Parse, Don't Validate",fail,"Distinct operational decisions: KISS governs overall implementation and lifecycle complexity; Parse, Don't Validate governs conversion of raw input into trusted domain values. The profiles do not establish a shared or causal decision surface.",fail,"Neither operational profile changes the other's general preconditions, cost, timing, risk, or outcome without additional project-specific facts.",fail,No implementation or review decision changes from the profiles alone.,Independence,,,A project can apply KISS to overall implementation and lifecycle complexity while no decision concerning conversion of raw input into trusted domain values arises.,"A relationship may occur in a specific refactoring, but it is not entailed by the canonical profiles.",high,reject,,J-20260715-1920-04
P019,KISS,"Tell, Don't Ask",fail,"Distinct operational decisions: KISS governs overall implementation and lifecycle complexity; Tell, Don't Ask governs ownership of state-dependent decisions and transitions. The profiles do not establish a shared or causal decision surface.",fail,"Neither operational profile changes the other's general preconditions, cost, timing, risk, or outcome without additional project-specific facts.",fail,No implementation or review decision changes from the profiles alone.,Independence,,,A project can apply KISS to overall implementation and lifecycle complexity while no decision concerning ownership of state-dependent decisions and transitions arises.,"A relationship may occur in a specific refactoring, but it is not entailed by the canonical profiles.",high,reject,,J-20260715-1920-04
P020,KISS,Law of Demeter,fail,Distinct operational decisions: KISS governs overall implementation and lifecycle complexity; Law of Demeter governs knowledge of collaborators' internal structure. The profiles do not establish a shared or causal decision surface.,fail,"Neither operational profile changes the other's general preconditions, cost, timing, risk, or outcome without additional project-specific facts.",fail,No implementation or review decision changes from the profiles alone.,Independence,,,A project can apply KISS to overall implementation and lifecycle complexity while no decision concerning knowledge of collaborators' internal structure arises.,"A relationship may occur in a specific refactoring, but it is not entailed by the canonical profiles.",high,reject,,J-20260715-1920-04
P021,KISS,Boy Scout Rule,fail,Distinct operational decisions: KISS governs overall implementation and lifecycle complexity; Boy Scout Rule governs scope and timing of incidental local cleanup. The profiles do not establish a shared or causal decision surface.,fail,"Neither operational profile changes the other's general preconditions, cost, timing, risk, or outcome without additional project-specific facts.",fail,No implementation or review decision changes from the profiles alone.,Independence,,,A project can apply KISS to overall implementation and lifecycle complexity while no decision concerning scope and timing of incidental local cleanup arises.,"A relationship may occur in a specific refactoring, but it is not entailed by the canonical profiles.",high,reject,,J-20260715-1920-04
P022,YAGNI,DRY,pass,Causally connected decisions: YAGNI governs timing of capability and extensibility; DRY governs authority for changing knowledge.,pass,"YAGNI blocks abstractions built for predicted reuse, while DRY still requires one authority for duplicated knowledge that already changes together.",pass,The team distinguishes present duplicated authority from hypothetical future similarity before extracting.,Moderation,,Convergent,"A tax threshold already repeated in two production paths is present knowledge, not future capability.",Applies when deduplication is proposed before shared ownership or a current second consumer is established.,high,publish,pair-dossiers/P022-yagni-dry.md,J-20260715-1920-04;J-20260715-1935-05;J-20260715-1950-06;J-20260715-2015-07;J-20260715-2050-09
P023,YAGNI,Rule of Three,pass,Causally connected decisions: YAGNI governs timing of capability and extensibility; Rule of Three governs timing and scope of abstraction.,pass,Both defer abstraction until concrete need exists; repeated cases provide the missing evidence for current reuse.,pass,The second case may remain local and the third triggers comparison rather than automatic generalization.,Reinforcement,,Convergent,Immediate extraction can be justified when a security invariant already has one defined authority.,Applies when future variation is predicted but not yet observed.,high,publish,pair-dossiers/P023-yagni-rule-of-three.md,J-20260715-1920-04;J-20260715-1935-05;J-20260715-1950-06;J-20260715-2015-07;J-20260715-2050-09
P024,YAGNI,Occam's Razor,pass,Causally connected decisions: YAGNI governs timing of capability and extensibility; Occam's Razor governs selection among equally adequate designs or explanations.,pass,Presumptive capability rests on unsupported future assumptions that Occam's comparison asks designers not to multiply.,pass,An architecture option loses when its extra components are justified only by forecast consumers rather than current evidence.,Reinforcement,,Convergent,"A contracted future migration with an irreversible schema deadline is current evidence, not unsupported speculation.",Applies when otherwise adequate designs differ mainly in assumed future needs.,high,publish,pair-dossiers/P024-yagni-occam-s-razor.md,J-20260715-1920-04;J-20260715-1935-05;J-20260715-1950-06;J-20260715-2015-07;J-20260715-2050-09
P025,YAGNI,Principle of Least Power,fail,Distinct operational decisions: YAGNI governs timing of capability and extensibility; Principle of Least Power governs expressive power of the chosen mechanism. The profiles do not establish a shared or causal decision surface.,fail,"Neither operational profile changes the other's general preconditions, cost, timing, risk, or outcome without additional project-specific facts.",fail,No implementation or review decision changes from the profiles alone.,Independence,,,A project can apply YAGNI to timing of capability and extensibility while no decision concerning expressive power of the chosen mechanism arises.,"A relationship may occur in a specific refactoring, but it is not entailed by the canonical profiles.",high,reject,,J-20260715-1920-04
P026,YAGNI,Separation of Concerns,pass,Both affect whether to create a boundary for anticipated change.,fail,"Rejected hypothesis: YAGNI requires demonstrated independent rules, owners, or operations before paying for a stronger separation boundary.",fail,No context-independent implementation or review consequence was supported.,Independence,,Unsupported,pass,"A project-specific interaction may exist, but no general mechanism survived the evidence and counterexample tests.",medium,reject,pair-dossiers/P026-yagni-separation-of-concerns.md,J-20260715-1920-04;J-20260715-1935-05;J-20260715-1950-06
P027,YAGNI,Single Responsibility Principle,pass,Both affect whether predicted actors justify splitting a module.,fail,Rejected hypothesis: YAGNI rejects responsibility splits based only on hypothetical stakeholders; SRP proceeds when current independent actors and reasons are identifiable.,fail,No context-independent implementation or review consequence was supported.,Independence,,Unsupported,pass,"A project-specific interaction may exist, but no general mechanism survived the evidence and counterexample tests.",medium,reject,pair-dossiers/P027-yagni-single-responsibility-principle.md,J-20260715-1920-04;J-20260715-1935-05;J-20260715-1950-06
P028,YAGNI,Composition over Inheritance,pass,Both affect whether anticipated variation justifies a composition mechanism.,fail,Rejected hypothesis: YAGNI keeps fixed behavior direct until a current variation or replaceability need warrants collaborators and wiring.,fail,No context-independent implementation or review consequence was supported.,Independence,,Unsupported,pass,"A project-specific interaction may exist, but no general mechanism survived the evidence and counterexample tests.",medium,reject,pair-dossiers/P028-yagni-composition-over-inheritance.md,J-20260715-1920-04;J-20260715-1935-05;J-20260715-1950-06
P029,YAGNI,Convention over Configuration,pass,Causally connected decisions: YAGNI governs timing of capability and extensibility; Convention over Configuration governs routine defaults versus explicit exceptions.,fail,Rejected hypothesis: A convention serves the current dominant case without adding knobs for exceptions that do not yet exist.,fail,No context-independent implementation or review consequence was supported.,Independence,,Unsupported,Known tenant-specific retention rules are real exceptions and must remain explicit.,"A project-specific interaction may exist, but no general mechanism survived the evidence and counterexample tests.",medium,reject,pair-dossiers/P029-yagni-convention-over-configuration.md,J-20260715-1920-04;J-20260715-1935-05;J-20260715-1950-06
P030,YAGNI,Unix Philosophy,pass,Both affect whether decomposition is justified by current composition needs.,fail,Rejected hypothesis: YAGNI rejects splitting a cohesive tool solely for hypothetical reuse or pipeline consumers.,fail,No context-independent implementation or review consequence was supported.,Independence,,Unsupported,pass,"A project-specific interaction may exist, but no general mechanism survived the evidence and counterexample tests.",medium,reject,pair-dossiers/P030-yagni-unix-philosophy.md,J-20260715-1920-04;J-20260715-1935-05;J-20260715-1950-06
P031,YAGNI,"Functional Core, Imperative Shell",fail,"Distinct operational decisions: YAGNI governs timing of capability and extensibility; Functional Core, Imperative Shell governs placement of deterministic decisions and effects. The profiles do not establish a shared or causal decision surface.",fail,"Neither operational profile changes the other's general preconditions, cost, timing, risk, or outcome without additional project-specific facts.",fail,No implementation or review decision changes from the profiles alone.,Independence,,,A project can apply YAGNI to timing of capability and extensibility while no decision concerning placement of deterministic decisions and effects arises.,"A relationship may occur in a specific refactoring, but it is not entailed by the canonical profiles.",high,reject,,J-20260715-1920-04
P032,YAGNI,Negative Code,pass,Both affect lifecycle treatment of unneeded capability.,fail,Rejected hypothesis: YAGNI prevents new speculative capability; Negative Code removes already-owned machinery once its contract can be retired safely.,fail,No context-independent implementation or review consequence was supported.,Independence,,Unsupported,pass,"A project-specific interaction may exist, but no general mechanism survived the evidence and counterexample tests.",medium,reject,pair-dossiers/P032-yagni-negative-code.md,J-20260715-1920-04;J-20260715-1935-05;J-20260715-1950-06
P033,YAGNI,Dead Code Elimination,fail,Distinct operational decisions: YAGNI governs timing of capability and extensibility; Dead Code Elimination governs liveness within the supported system boundary. The profiles do not establish a shared or causal decision surface.,fail,"Neither operational profile changes the other's general preconditions, cost, timing, risk, or outcome without additional project-specific facts.",fail,No implementation or review decision changes from the profiles alone.,Independence,,,A project can apply YAGNI to timing of capability and extensibility while no decision concerning liveness within the supported system boundary arises.,"A relationship may occur in a specific refactoring, but it is not entailed by the canonical profiles.",high,reject,,J-20260715-1920-04
P034,YAGNI,Refactoring Toward Primitives,fail,Distinct operational decisions: YAGNI governs timing of capability and extensibility; Refactoring Toward Primitives governs replacement of custom code by existing capabilities. The profiles do not establish a shared or causal decision surface.,fail,"Neither operational profile changes the other's general preconditions, cost, timing, risk, or outcome without additional project-specific facts.",fail,No implementation or review decision changes from the profiles alone.,Independence,,,A project can apply YAGNI to timing of capability and extensibility while no decision concerning replacement of custom code by existing capabilities arises.,"A relationship may occur in a specific refactoring, but it is not entailed by the canonical profiles.",high,reject,,J-20260715-1920-04
P035,YAGNI,Dependency Inversion Principle,pass,Causally connected decisions: YAGNI governs timing of capability and extensibility; Dependency Inversion Principle governs contract ownership and source-dependency direction.,pass,YAGNI prevents DIP boundaries invented for hypothetical providers; DIP remains justified for an existing volatile detail or policy isolation need.,pass,The implementation uses a direct dependency or the narrowest present boundary based on demonstrated volatility.,Moderation,,Direct,An unstable vendor SDK already leaking into core policy creates a current inversion need.,Applies when an abstraction is proposed solely because another implementation might arrive.,high,publish,pair-dossiers/P035-yagni-dependency-inversion-principle.md,J-20260715-1920-04;J-20260715-1935-05;J-20260715-1950-06;J-20260715-2015-07;J-20260715-2050-09
P036,YAGNI,Data-Driven Design,pass,Causally connected decisions: YAGNI governs timing of capability and extensibility; Data-Driven Design governs representation of regular variation as data or control flow.,pass,YAGNI rejects generic rule engines and remote configuration built for imagined cases while allowing a direct table for current regular variation.,pass,"The solution encodes only present rows and one current algorithm, without speculative expression features.",Moderation,,Convergent,Five current status mappings can justify a typed local table without any future hypothesis.,Applies when table-driven refactoring is expanding into a future-facing rules platform.,high,publish,pair-dossiers/P036-yagni-data-driven-design.md,J-20260715-1920-04;J-20260715-1935-05;J-20260715-1950-06;J-20260715-2015-07;J-20260715-2050-09
P037,YAGNI,Make Illegal States Unrepresentable,pass,Both affect which invariants deserve representation machinery now.,fail,Rejected hypothesis: YAGNI limits type structure to current stable invariants rather than encoding hypothetical future workflow states.,fail,No context-independent implementation or review consequence was supported.,Independence,,Unsupported,pass,"A project-specific interaction may exist, but no general mechanism survived the evidence and counterexample tests.",medium,reject,pair-dossiers/P037-yagni-make-illegal-states-unrepresentable.md,J-20260715-1920-04;J-20260715-1935-05;J-20260715-1950-06
P038,YAGNI,"Parse, Don't Validate",fail,"Distinct operational decisions: YAGNI governs timing of capability and extensibility; Parse, Don't Validate governs conversion of raw input into trusted domain values. The profiles do not establish a shared or causal decision surface.",fail,"Neither operational profile changes the other's general preconditions, cost, timing, risk, or outcome without additional project-specific facts.",fail,No implementation or review decision changes from the profiles alone.,Independence,,,A project can apply YAGNI to timing of capability and extensibility while no decision concerning conversion of raw input into trusted domain values arises.,"A relationship may occur in a specific refactoring, but it is not entailed by the canonical profiles.",high,reject,,J-20260715-1920-04
P039,YAGNI,"Tell, Don't Ask",fail,"Distinct operational decisions: YAGNI governs timing of capability and extensibility; Tell, Don't Ask governs ownership of state-dependent decisions and transitions. The profiles do not establish a shared or causal decision surface.",fail,"Neither operational profile changes the other's general preconditions, cost, timing, risk, or outcome without additional project-specific facts.",fail,No implementation or review decision changes from the profiles alone.,Independence,,,A project can apply YAGNI to timing of capability and extensibility while no decision concerning ownership of state-dependent decisions and transitions arises.,"A relationship may occur in a specific refactoring, but it is not entailed by the canonical profiles.",high,reject,,J-20260715-1920-04
P040,YAGNI,Law of Demeter,fail,Distinct operational decisions: YAGNI governs timing of capability and extensibility; Law of Demeter governs knowledge of collaborators' internal structure. The profiles do not establish a shared or causal decision surface.,fail,"Neither operational profile changes the other's general preconditions, cost, timing, risk, or outcome without additional project-specific facts.",fail,No implementation or review decision changes from the profiles alone.,Independence,,,A project can apply YAGNI to timing of capability and extensibility while no decision concerning knowledge of collaborators' internal structure arises.,"A relationship may occur in a specific refactoring, but it is not entailed by the canonical profiles.",high,reject,,J-20260715-1920-04
P041,YAGNI,Boy Scout Rule,pass,Both affect scope of optional work performed during a real task.,fail,Rejected hypothesis: Both require a current task boundary; YAGNI excludes unrelated future-proofing from incidental cleanup.,fail,No context-independent implementation or review consequence was supported.,Independence,,Unsupported,pass,"A project-specific interaction may exist, but no general mechanism survived the evidence and counterexample tests.",medium,reject,pair-dossiers/P041-yagni-boy-scout-rule.md,J-20260715-1920-04;J-20260715-1935-05;J-20260715-1950-06
P042,DRY,Rule of Three,pass,Causally connected decisions: DRY governs authority for changing knowledge; Rule of Three governs timing and scope of abstraction.,pass,The Rule of Three distinguishes proven duplicated knowledge from coincidental repeated syntax before DRY introduces shared authority.,pass,"The team compares meaning, ownership, and reasons for change, then extracts only the stable common fact.",Moderation,Sequencing,Direct,A formally defined protocol field should have one authority even before three handwritten copies exist.,Applies when repeated-looking code may or may not be one authority.,high,publish,pair-dossiers/P042-dry-rule-of-three.md,J-20260715-1920-04;J-20260715-1935-05;J-20260715-1950-06;J-20260715-2015-07;J-20260715-2050-09
P043,DRY,Occam's Razor,fail,Distinct operational decisions: DRY governs authority for changing knowledge; Occam's Razor governs selection among equally adequate designs or explanations. The profiles do not establish a shared or causal decision surface.,fail,"Neither operational profile changes the other's general preconditions, cost, timing, risk, or outcome without additional project-specific facts.",fail,No implementation or review decision changes from the profiles alone.,Independence,,,A project can apply DRY to authority for changing knowledge while no decision concerning selection among equally adequate designs or explanations arises.,"A relationship may occur in a specific refactoring, but it is not entailed by the canonical profiles.",high,reject,,J-20260715-1920-04
P044,DRY,Principle of Least Power,fail,Distinct operational decisions: DRY governs authority for changing knowledge; Principle of Least Power governs expressive power of the chosen mechanism. The profiles do not establish a shared or causal decision surface.,fail,"Neither operational profile changes the other's general preconditions, cost, timing, risk, or outcome without additional project-specific facts.",fail,No implementation or review decision changes from the profiles alone.,Independence,,,A project can apply DRY to authority for changing knowledge while no decision concerning expressive power of the chosen mechanism arises.,"A relationship may occur in a specific refactoring, but it is not entailed by the canonical profiles.",high,reject,,J-20260715-1920-04
P045,DRY,Separation of Concerns,pass,Causally connected decisions: DRY governs authority for changing knowledge; Separation of Concerns governs logical boundaries between kinds of decisions.,pass,"DRY pulls one fact toward one authority, while separation keeps independently changing knowledge apart even when implementations look the same.",pass,The design centralizes only cross-boundary facts that truly share ownership and leaves coincidental duplication local.,Complementary,,Convergent,One schema consumed by UI and API is shared knowledge and may legitimately generate both representations.,Applies when similar code appears in concerns owned by different actors or rates of change.,high,publish,pair-dossiers/P045-dry-separation-of-concerns.md,J-20260715-1920-04;J-20260715-1935-05;J-20260715-1950-06;J-20260715-2015-07;J-20260715-2050-09
P046,DRY,Single Responsibility Principle,pass,Causally connected decisions: DRY governs authority for changing knowledge; Single Responsibility Principle governs module cohesion around reasons for change.,pass,SRP's reasons-for-change test determines whether repeated code is one shared responsibility or two independent authorities.,pass,A deduplication is accepted only when all callers should change for the same actor and business reason.,Moderation,,Convergent,Identical age and page-size constants remain separate because their actors and change reasons differ.,Applies when candidate copies sit in modules with possibly different responsible actors.,high,publish,pair-dossiers/P046-dry-single-responsibility-principle.md,J-20260715-1920-04;J-20260715-1935-05;J-20260715-1950-06;J-20260715-2015-07;J-20260715-2050-09
P047,DRY,Composition over Inheritance,fail,Distinct operational decisions: DRY governs authority for changing knowledge; Composition over Inheritance governs reuse and variation mechanism. The profiles do not establish a shared or causal decision surface.,fail,"Neither operational profile changes the other's general preconditions, cost, timing, risk, or outcome without additional project-specific facts.",fail,No implementation or review decision changes from the profiles alone.,Independence,,,A project can apply DRY to authority for changing knowledge while no decision concerning reuse and variation mechanism arises.,"A relationship may occur in a specific refactoring, but it is not entailed by the canonical profiles.",high,reject,,J-20260715-1920-04
P048,DRY,Convention over Configuration,pass,Causally connected decisions: DRY governs authority for changing knowledge; Convention over Configuration governs routine defaults versus explicit exceptions.,pass,A convention makes one shared default authoritative instead of duplicating the same routine choice in many configuration files.,pass,Repeated configuration is removed and exceptional values remain explicit at their point of ownership.,Reinforcement,,Convergent,Different regulatory settings are independent policy and should not be collapsed into a naming convention.,Applies when many instances restate the same non-domain choice.,high,publish,pair-dossiers/P048-dry-convention-over-configuration.md,J-20260715-1920-04;J-20260715-1935-05;J-20260715-1950-06;J-20260715-2015-07;J-20260715-2050-09
P049,DRY,Unix Philosophy,fail,Distinct operational decisions: DRY governs authority for changing knowledge; Unix Philosophy governs component scope and composition interface. The profiles do not establish a shared or causal decision surface.,fail,"Neither operational profile changes the other's general preconditions, cost, timing, risk, or outcome without additional project-specific facts.",fail,No implementation or review decision changes from the profiles alone.,Independence,,,A project can apply DRY to authority for changing knowledge while no decision concerning component scope and composition interface arises.,"A relationship may occur in a specific refactoring, but it is not entailed by the canonical profiles.",high,reject,,J-20260715-1920-04
P050,DRY,"Functional Core, Imperative Shell",pass,Both affect placement of repeated business policy.,fail,Rejected hypothesis: Moving deterministic decisions into one core gives shells a single callable authority instead of reimplementing policy around I/O.,fail,No context-independent implementation or review consequence was supported.,Independence,,Unsupported,pass,"A project-specific interaction may exist, but no general mechanism survived the evidence and counterexample tests.",medium,reject,pair-dossiers/P050-dry-functional-core-imperative-shell.md,J-20260715-1920-04;J-20260715-1935-05;J-20260715-1950-06
P051,DRY,Negative Code,pass,Both affect removal of competing representations after choosing an authority.,fail,"Rejected hypothesis: Once DRY identifies the authoritative representation, safe deletion removes obsolete copies and their synchronization glue.",fail,No context-independent implementation or review consequence was supported.,Independence,,Unsupported,pass,"A project-specific interaction may exist, but no general mechanism survived the evidence and counterexample tests.",medium,reject,pair-dossiers/P051-dry-negative-code.md,J-20260715-1920-04;J-20260715-1935-05;J-20260715-1950-06
P052,DRY,Dead Code Elimination,fail,Distinct operational decisions: DRY governs authority for changing knowledge; Dead Code Elimination governs liveness within the supported system boundary. The profiles do not establish a shared or causal decision surface.,fail,"Neither operational profile changes the other's general preconditions, cost, timing, risk, or outcome without additional project-specific facts.",fail,No implementation or review decision changes from the profiles alone.,Independence,,,A project can apply DRY to authority for changing knowledge while no decision concerning liveness within the supported system boundary arises.,"A relationship may occur in a specific refactoring, but it is not entailed by the canonical profiles.",high,reject,,J-20260715-1920-04
P053,DRY,Refactoring Toward Primitives,pass,Both affect authority for behavior already supplied by a platform.,fail,"Rejected hypothesis: A contract-equivalent primitive replaces a local competing implementation, making the maintained platform capability the implementation authority.",fail,No context-independent implementation or review consequence was supported.,Independence,,Unsupported,pass,"A project-specific interaction may exist, but no general mechanism survived the evidence and counterexample tests.",medium,reject,pair-dossiers/P053-dry-refactoring-toward-primitives.md,J-20260715-1920-04;J-20260715-1935-05;J-20260715-1950-06
P054,DRY,Dependency Inversion Principle,fail,Distinct operational decisions: DRY governs authority for changing knowledge; Dependency Inversion Principle governs contract ownership and source-dependency direction. The profiles do not establish a shared or causal decision surface.,fail,"Neither operational profile changes the other's general preconditions, cost, timing, risk, or outcome without additional project-specific facts.",fail,No implementation or review decision changes from the profiles alone.,Independence,,,A project can apply DRY to authority for changing knowledge while no decision concerning contract ownership and source-dependency direction arises.,"A relationship may occur in a specific refactoring, but it is not entailed by the canonical profiles.",high,reject,,J-20260715-1920-04
P055,DRY,Data-Driven Design,pass,Causally connected decisions: DRY governs authority for changing knowledge; Data-Driven Design governs representation of regular variation as data or control flow.,pass,"A typed table can become the single authority for a regular case set, with code, types, or documentation derived from it.",pass,Adding or changing a case edits one data representation instead of synchronized branches and key lists.,Enablement,,Direct,A table plus a separately maintained enum duplicates authority rather than resolving it.,Applies when cases share one algorithm and the table can own their valid key set.,high,publish,pair-dossiers/P055-dry-data-driven-design.md,J-20260715-1920-04;J-20260715-1935-05;J-20260715-1950-06;J-20260715-2015-07;J-20260715-2050-09
P056,DRY,Make Illegal States Unrepresentable,pass,Causally connected decisions: DRY governs authority for changing knowledge; Make Illegal States Unrepresentable governs representation and enforcement of stable invariants.,pass,Deriving dependent values instead of storing synchronized copies removes both duplicated authority and the illegal state in which copies disagree.,pass,"The data model stores one source value and calculates its dependent flags, counts, or totals.",Enablement,Reinforcement,Direct,Intentional denormalization for measured performance may require transactional synchronization rather than deletion.,Applies when multiple stored fields represent one derivable fact.,high,publish,pair-dossiers/P056-dry-make-illegal-states-unrepresentable.md,J-20260715-1920-04;J-20260715-1935-05;J-20260715-1950-06;J-20260715-2015-07;J-20260715-2050-09
P057,DRY,"Parse, Don't Validate",pass,"Causally connected decisions: DRY governs authority for changing knowledge; Parse, Don't Validate governs conversion of raw input into trusted domain values.",pass,Parsing once creates one boundary authority for structural facts instead of repeating validators throughout the domain.,pass,Downstream functions accept the trusted value and redundant structural checks are removed.,Enablement,Reinforcement,Direct,Authorization can change after parsing and remains a use-time check rather than duplicated parsing knowledge.,Applies when the same stable input invariant is checked at several internal call sites.,high,publish,pair-dossiers/P057-dry-parse-don-t-validate.md,J-20260715-1920-04;J-20260715-1935-05;J-20260715-1950-06;J-20260715-2015-07;J-20260715-2050-09
P058,DRY,"Tell, Don't Ask",pass,"Causally connected decisions: DRY governs authority for changing knowledge; Tell, Don't Ask governs ownership of state-dependent decisions and transitions.",fail,Rejected hypothesis: Moving a repeated query-decide-mutate policy to its invariant owner gives that domain rule one behavioral authority.,fail,No context-independent implementation or review consequence was supported.,Independence,,Unsupported,Presentation queries may legitimately interpret the same immutable value differently.,"A project-specific interaction may exist, but no general mechanism survived the evidence and counterexample tests.",medium,reject,pair-dossiers/P058-dry-tell-don-t-ask.md,J-20260715-1920-04;J-20260715-1935-05;J-20260715-1950-06
P059,DRY,Law of Demeter,fail,Distinct operational decisions: DRY governs authority for changing knowledge; Law of Demeter governs knowledge of collaborators' internal structure. The profiles do not establish a shared or causal decision surface.,fail,"Neither operational profile changes the other's general preconditions, cost, timing, risk, or outcome without additional project-specific facts.",fail,No implementation or review decision changes from the profiles alone.,Independence,,,A project can apply DRY to authority for changing knowledge while no decision concerning knowledge of collaborators' internal structure arises.,"A relationship may occur in a specific refactoring, but it is not entailed by the canonical profiles.",high,reject,,J-20260715-1920-04
P060,DRY,Boy Scout Rule,fail,Distinct operational decisions: DRY governs authority for changing knowledge; Boy Scout Rule governs scope and timing of incidental local cleanup. The profiles do not establish a shared or causal decision surface.,fail,"Neither operational profile changes the other's general preconditions, cost, timing, risk, or outcome without additional project-specific facts.",fail,No implementation or review decision changes from the profiles alone.,Independence,,,A project can apply DRY to authority for changing knowledge while no decision concerning scope and timing of incidental local cleanup arises.,"A relationship may occur in a specific refactoring, but it is not entailed by the canonical profiles.",high,reject,,J-20260715-1920-04
P061,Rule of Three,Occam's Razor,pass,Both affect evidence required before introducing an abstraction entity.,fail,Rejected hypothesis: Concrete cases expose supported commonality; until then Occam treats the generalized concept as an unsupported assumption.,fail,No context-independent implementation or review consequence was supported.,Independence,,Unsupported,pass,"A project-specific interaction may exist, but no general mechanism survived the evidence and counterexample tests.",medium,reject,pair-dossiers/P061-rule-of-three-occam-s-razor.md,J-20260715-1920-04;J-20260715-1935-05;J-20260715-1950-06
P062,Rule of Three,Principle of Least Power,pass,Both affect selection of an abstraction's expressive mechanism.,fail,"Rejected hypothesis: Observed cases reveal the operations and variation the extracted mechanism must express, allowing selection of the least power that actually suffices.",fail,No context-independent implementation or review consequence was supported.,Independence,,Unsupported,pass,"A project-specific interaction may exist, but no general mechanism survived the evidence and counterexample tests.",medium,reject,pair-dossiers/P062-rule-of-three-principle-of-least-power.md,J-20260715-1920-04;J-20260715-1935-05;J-20260715-1950-06
P063,Rule of Three,Separation of Concerns,fail,Distinct operational decisions: Rule of Three governs timing and scope of abstraction; Separation of Concerns governs logical boundaries between kinds of decisions. The profiles do not establish a shared or causal decision surface.,fail,"Neither operational profile changes the other's general preconditions, cost, timing, risk, or outcome without additional project-specific facts.",fail,No implementation or review decision changes from the profiles alone.,Independence,,,A project can apply Rule of Three to timing and scope of abstraction while no decision concerning logical boundaries between kinds of decisions arises.,"A relationship may occur in a specific refactoring, but it is not entailed by the canonical profiles.",high,reject,,J-20260715-1920-04
P064,Rule of Three,Single Responsibility Principle,fail,Distinct operational decisions: Rule of Three governs timing and scope of abstraction; Single Responsibility Principle governs module cohesion around reasons for change. The profiles do not establish a shared or causal decision surface.,fail,"Neither operational profile changes the other's general preconditions, cost, timing, risk, or outcome without additional project-specific facts.",fail,No implementation or review decision changes from the profiles alone.,Independence,,,A project can apply Rule of Three to timing and scope of abstraction while no decision concerning module cohesion around reasons for change arises.,"A relationship may occur in a specific refactoring, but it is not entailed by the canonical profiles.",high,reject,,J-20260715-1920-04
P065,Rule of Three,Composition over Inheritance,pass,Causally connected decisions: Rule of Three governs timing and scope of abstraction; Composition over Inheritance governs reuse and variation mechanism.,pass,Multiple concrete variants reveal independent axes of behavior and whether composition will reduce subclass combinations.,pass,"The team keeps early behavior direct, then composes the smallest stable varying functions when the axes are observed.",Sequencing,,Convergent,A framework-mandated composition point is already a stable external contract.,Applies when a strategy hierarchy is proposed from a single implementation.,high,publish,pair-dossiers/P065-rule-of-three-composition-over-inheritance.md,J-20260715-1920-04;J-20260715-1935-05;J-20260715-1950-06;J-20260715-2015-07;J-20260715-2050-09
P066,Rule of Three,Convention over Configuration,pass,Causally connected decisions: Rule of Three governs timing and scope of abstraction; Convention over Configuration governs routine defaults versus explicit exceptions.,pass,Observed repeated choices supply evidence for selecting a dominant convention; designing the convention before examples predicts the wrong default and exceptions.,pass,"Teams inventory real variants first, then standardize the common case and retain narrow overrides.",Sequencing,,Convergent,An ecosystem framework convention can be adopted immediately because evidence exists outside the repository.,Applies when a local convention is being introduced from too few real cases.,high,publish,pair-dossiers/P066-rule-of-three-convention-over-configuration.md,J-20260715-1920-04;J-20260715-1935-05;J-20260715-1950-06;J-20260715-2015-07;J-20260715-2050-09
P067,Rule of Three,Unix Philosophy,fail,Distinct operational decisions: Rule of Three governs timing and scope of abstraction; Unix Philosophy governs component scope and composition interface. The profiles do not establish a shared or causal decision surface.,fail,"Neither operational profile changes the other's general preconditions, cost, timing, risk, or outcome without additional project-specific facts.",fail,No implementation or review decision changes from the profiles alone.,Independence,,,A project can apply Rule of Three to timing and scope of abstraction while no decision concerning component scope and composition interface arises.,"A relationship may occur in a specific refactoring, but it is not entailed by the canonical profiles.",high,reject,,J-20260715-1920-04
P068,Rule of Three,"Functional Core, Imperative Shell",fail,"Distinct operational decisions: Rule of Three governs timing and scope of abstraction; Functional Core, Imperative Shell governs placement of deterministic decisions and effects. The profiles do not establish a shared or causal decision surface.",fail,"Neither operational profile changes the other's general preconditions, cost, timing, risk, or outcome without additional project-specific facts.",fail,No implementation or review decision changes from the profiles alone.,Independence,,,A project can apply Rule of Three to timing and scope of abstraction while no decision concerning placement of deterministic decisions and effects arises.,"A relationship may occur in a specific refactoring, but it is not entailed by the canonical profiles.",high,reject,,J-20260715-1920-04
P069,Rule of Three,Negative Code,pass,Both affect when temporary duplication can be replaced and removed.,fail,"Rejected hypothesis: After cases reveal a stable concept, extraction permits safe removal of duplicated implementation and glue.",fail,No context-independent implementation or review consequence was supported.,Independence,,Unsupported,pass,"A project-specific interaction may exist, but no general mechanism survived the evidence and counterexample tests.",medium,reject,pair-dossiers/P069-rule-of-three-negative-code.md,J-20260715-1920-04;J-20260715-1935-05;J-20260715-1950-06
P070,Rule of Three,Dead Code Elimination,fail,Distinct operational decisions: Rule of Three governs timing and scope of abstraction; Dead Code Elimination governs liveness within the supported system boundary. The profiles do not establish a shared or causal decision surface.,fail,"Neither operational profile changes the other's general preconditions, cost, timing, risk, or outcome without additional project-specific facts.",fail,No implementation or review decision changes from the profiles alone.,Independence,,,A project can apply Rule of Three to timing and scope of abstraction while no decision concerning liveness within the supported system boundary arises.,"A relationship may occur in a specific refactoring, but it is not entailed by the canonical profiles.",high,reject,,J-20260715-1920-04
P071,Rule of Three,Refactoring Toward Primitives,fail,Distinct operational decisions: Rule of Three governs timing and scope of abstraction; Refactoring Toward Primitives governs replacement of custom code by existing capabilities. The profiles do not establish a shared or causal decision surface.,fail,"Neither operational profile changes the other's general preconditions, cost, timing, risk, or outcome without additional project-specific facts.",fail,No implementation or review decision changes from the profiles alone.,Independence,,,A project can apply Rule of Three to timing and scope of abstraction while no decision concerning replacement of custom code by existing capabilities arises.,"A relationship may occur in a specific refactoring, but it is not entailed by the canonical profiles.",high,reject,,J-20260715-1920-04
P072,Rule of Three,Dependency Inversion Principle,pass,Causally connected decisions: Rule of Three governs timing and scope of abstraction; Dependency Inversion Principle governs contract ownership and source-dependency direction.,pass,"Repeated implementations can evidence variation, but one current volatile boundary can justify inversion earlier; the rule prevents interface-per-class ritual.",pass,The team bases inversion on observed volatility or multiple implementations rather than an arbitrary count.,Moderation,Sequencing,Convergent,One external payment SDK can justify a boundary because its vendor types already infect stable policy.,Applies when a policy-owned interface is proposed without demonstrated boundary value.,high,publish,pair-dossiers/P072-rule-of-three-dependency-inversion-principle.md,J-20260715-1920-04;J-20260715-1935-05;J-20260715-1950-06;J-20260715-2015-07;J-20260715-2050-09
P073,Rule of Three,Data-Driven Design,pass,Causally connected decisions: Rule of Three governs timing and scope of abstraction; Data-Driven Design governs representation of regular variation as data or control flow.,pass,Several regular branches reveal the common algorithm and varying dimensions needed for a table.,pass,Cases are laid side by side before extracting one typed data representation and lookup.,Sequencing,,Convergent,A published protocol mapping can provide the stable case set before three local branches exist.,Applies when a table schema is being invented before regular variation is understood.,high,publish,pair-dossiers/P073-rule-of-three-data-driven-design.md,J-20260715-1920-04;J-20260715-1935-05;J-20260715-1950-06;J-20260715-2015-07;J-20260715-2050-09
P074,Rule of Three,Make Illegal States Unrepresentable,fail,Distinct operational decisions: Rule of Three governs timing and scope of abstraction; Make Illegal States Unrepresentable governs representation and enforcement of stable invariants. The profiles do not establish a shared or causal decision surface.,fail,"Neither operational profile changes the other's general preconditions, cost, timing, risk, or outcome without additional project-specific facts.",fail,No implementation or review decision changes from the profiles alone.,Independence,,,A project can apply Rule of Three to timing and scope of abstraction while no decision concerning representation and enforcement of stable invariants arises.,"A relationship may occur in a specific refactoring, but it is not entailed by the canonical profiles.",high,reject,,J-20260715-1920-04
P075,Rule of Three,"Parse, Don't Validate",fail,"Distinct operational decisions: Rule of Three governs timing and scope of abstraction; Parse, Don't Validate governs conversion of raw input into trusted domain values. The profiles do not establish a shared or causal decision surface.",fail,"Neither operational profile changes the other's general preconditions, cost, timing, risk, or outcome without additional project-specific facts.",fail,No implementation or review decision changes from the profiles alone.,Independence,,,A project can apply Rule of Three to timing and scope of abstraction while no decision concerning conversion of raw input into trusted domain values arises.,"A relationship may occur in a specific refactoring, but it is not entailed by the canonical profiles.",high,reject,,J-20260715-1920-04
P076,Rule of Three,"Tell, Don't Ask",pass,Both affect when callers reveal a stable domain command.,fail,Rejected hypothesis: Repeated query-decide-mutate sequences expose the invariant and outcome needed from the owner.,fail,No context-independent implementation or review consequence was supported.,Independence,,Unsupported,pass,"A project-specific interaction may exist, but no general mechanism survived the evidence and counterexample tests.",medium,reject,pair-dossiers/P076-rule-of-three-tell-don-t-ask.md,J-20260715-1920-04;J-20260715-1935-05;J-20260715-1950-06
P077,Rule of Three,Law of Demeter,fail,Distinct operational decisions: Rule of Three governs timing and scope of abstraction; Law of Demeter governs knowledge of collaborators' internal structure. The profiles do not establish a shared or causal decision surface.,fail,"Neither operational profile changes the other's general preconditions, cost, timing, risk, or outcome without additional project-specific facts.",fail,No implementation or review decision changes from the profiles alone.,Independence,,,A project can apply Rule of Three to timing and scope of abstraction while no decision concerning knowledge of collaborators' internal structure arises.,"A relationship may occur in a specific refactoring, but it is not entailed by the canonical profiles.",high,reject,,J-20260715-1920-04
P078,Rule of Three,Boy Scout Rule,fail,Distinct operational decisions: Rule of Three governs timing and scope of abstraction; Boy Scout Rule governs scope and timing of incidental local cleanup. The profiles do not establish a shared or causal decision surface.,fail,"Neither operational profile changes the other's general preconditions, cost, timing, risk, or outcome without additional project-specific facts.",fail,No implementation or review decision changes from the profiles alone.,Independence,,,A project can apply Rule of Three to timing and scope of abstraction while no decision concerning scope and timing of incidental local cleanup arises.,"A relationship may occur in a specific refactoring, but it is not entailed by the canonical profiles.",high,reject,,J-20260715-1920-04
P079,Occam's Razor,Principle of Least Power,pass,Causally connected decisions: Occam's Razor governs selection among equally adequate designs or explanations; Principle of Least Power governs expressive power of the chosen mechanism.,pass,"Among adequate mechanisms, the less expressive option commonly introduces fewer unsupported behaviors and assumptions.",pass,A constrained data or query mechanism wins when arbitrary code supplies no required capability.,Reinforcement,,Convergent,A weaker language requiring a hidden custom interpreter introduces more entities and is not the parsimonious choice.,Applies when candidate mechanisms express the same complete requirement.,high,publish,pair-dossiers/P079-occam-s-razor-principle-of-least-power.md,J-20260715-1920-04;J-20260715-1935-05;J-20260715-1950-06;J-20260715-2015-07;J-20260715-2050-09
P080,Occam's Razor,Separation of Concerns,fail,Distinct operational decisions: Occam's Razor governs selection among equally adequate designs or explanations; Separation of Concerns governs logical boundaries between kinds of decisions. The profiles do not establish a shared or causal decision surface.,fail,"Neither operational profile changes the other's general preconditions, cost, timing, risk, or outcome without additional project-specific facts.",fail,No implementation or review decision changes from the profiles alone.,Independence,,,A project can apply Occam's Razor to selection among equally adequate designs or explanations while no decision concerning logical boundaries between kinds of decisions arises.,"A relationship may occur in a specific refactoring, but it is not entailed by the canonical profiles.",high,reject,,J-20260715-1920-04
P081,Occam's Razor,Single Responsibility Principle,fail,Distinct operational decisions: Occam's Razor governs selection among equally adequate designs or explanations; Single Responsibility Principle governs module cohesion around reasons for change. The profiles do not establish a shared or causal decision surface.,fail,"Neither operational profile changes the other's general preconditions, cost, timing, risk, or outcome without additional project-specific facts.",fail,No implementation or review decision changes from the profiles alone.,Independence,,,A project can apply Occam's Razor to selection among equally adequate designs or explanations while no decision concerning module cohesion around reasons for change arises.,"A relationship may occur in a specific refactoring, but it is not entailed by the canonical profiles.",high,reject,,J-20260715-1920-04
P082,Occam's Razor,Composition over Inheritance,fail,Distinct operational decisions: Occam's Razor governs selection among equally adequate designs or explanations; Composition over Inheritance governs reuse and variation mechanism. The profiles do not establish a shared or causal decision surface.,fail,"Neither operational profile changes the other's general preconditions, cost, timing, risk, or outcome without additional project-specific facts.",fail,No implementation or review decision changes from the profiles alone.,Independence,,,A project can apply Occam's Razor to selection among equally adequate designs or explanations while no decision concerning reuse and variation mechanism arises.,"A relationship may occur in a specific refactoring, but it is not entailed by the canonical profiles.",high,reject,,J-20260715-1920-04
P083,Occam's Razor,Convention over Configuration,fail,Distinct operational decisions: Occam's Razor governs selection among equally adequate designs or explanations; Convention over Configuration governs routine defaults versus explicit exceptions. The profiles do not establish a shared or causal decision surface.,fail,"Neither operational profile changes the other's general preconditions, cost, timing, risk, or outcome without additional project-specific facts.",fail,No implementation or review decision changes from the profiles alone.,Independence,,,A project can apply Occam's Razor to selection among equally adequate designs or explanations while no decision concerning routine defaults versus explicit exceptions arises.,"A relationship may occur in a specific refactoring, but it is not entailed by the canonical profiles.",high,reject,,J-20260715-1920-04
P084,Occam's Razor,Unix Philosophy,fail,Distinct operational decisions: Occam's Razor governs selection among equally adequate designs or explanations; Unix Philosophy governs component scope and composition interface. The profiles do not establish a shared or causal decision surface.,fail,"Neither operational profile changes the other's general preconditions, cost, timing, risk, or outcome without additional project-specific facts.",fail,No implementation or review decision changes from the profiles alone.,Independence,,,A project can apply Occam's Razor to selection among equally adequate designs or explanations while no decision concerning component scope and composition interface arises.,"A relationship may occur in a specific refactoring, but it is not entailed by the canonical profiles.",high,reject,,J-20260715-1920-04
P085,Occam's Razor,"Functional Core, Imperative Shell",fail,"Distinct operational decisions: Occam's Razor governs selection among equally adequate designs or explanations; Functional Core, Imperative Shell governs placement of deterministic decisions and effects. The profiles do not establish a shared or causal decision surface.",fail,"Neither operational profile changes the other's general preconditions, cost, timing, risk, or outcome without additional project-specific facts.",fail,No implementation or review decision changes from the profiles alone.,Independence,,,A project can apply Occam's Razor to selection among equally adequate designs or explanations while no decision concerning placement of deterministic decisions and effects arises.,"A relationship may occur in a specific refactoring, but it is not entailed by the canonical profiles.",high,reject,,J-20260715-1920-04
P086,Occam's Razor,Negative Code,pass,Both affect removal of unsupported design entities.,fail,"Rejected hypothesis: Once evidence shows machinery is unnecessary to the contract, Negative Code removes the entities Occam would not posit.",fail,No context-independent implementation or review consequence was supported.,Independence,,Unsupported,pass,"A project-specific interaction may exist, but no general mechanism survived the evidence and counterexample tests.",medium,reject,pair-dossiers/P086-occam-s-razor-negative-code.md,J-20260715-1920-04;J-20260715-1935-05;J-20260715-1950-06
P087,Occam's Razor,Dead Code Elimination,pass,Both affect whether an artifact has evidence of observable relevance.,fail,Rejected hypothesis: Proof that code cannot affect supported outcomes removes any evidential basis for retaining it.,fail,No context-independent implementation or review consequence was supported.,Independence,,Unsupported,pass,"A project-specific interaction may exist, but no general mechanism survived the evidence and counterexample tests.",medium,reject,pair-dossiers/P087-occam-s-razor-dead-code-elimination.md,J-20260715-1920-04;J-20260715-1935-05;J-20260715-1950-06
P088,Occam's Razor,Refactoring Toward Primitives,pass,Causally connected decisions: Occam's Razor governs selection among equally adequate designs or explanations; Refactoring Toward Primitives governs replacement of custom code by existing capabilities.,pass,A matching platform primitive can satisfy the same contract with fewer project-owned assumptions and moving parts.,pass,The design removes custom machinery after verifying that the primitive is adequate across edge cases and lifecycle cost.,Reinforcement,,Convergent,A platform API with incompatible errors and lock-in is not an equally adequate simpler account.,Applies when custom and primitive-based implementations meet the same contract.,high,publish,pair-dossiers/P088-occam-s-razor-refactoring-toward-primitives.md,J-20260715-1920-04;J-20260715-1935-05;J-20260715-1950-06;J-20260715-2015-07;J-20260715-2050-09
P089,Occam's Razor,Dependency Inversion Principle,pass,Both affect whether volatility evidence justifies an abstract port.,fail,"Rejected hypothesis: Occam rejects a policy/detail contract based only on an imagined provider, but accepts it when current volatility or isolation evidence explains the entity.",fail,No context-independent implementation or review consequence was supported.,Independence,,Unsupported,pass,"A project-specific interaction may exist, but no general mechanism survived the evidence and counterexample tests.",medium,reject,pair-dossiers/P089-occam-s-razor-dependency-inversion-principle.md,J-20260715-1920-04;J-20260715-1935-05;J-20260715-1950-06
P090,Occam's Razor,Data-Driven Design,fail,Distinct operational decisions: Occam's Razor governs selection among equally adequate designs or explanations; Data-Driven Design governs representation of regular variation as data or control flow. The profiles do not establish a shared or causal decision surface.,fail,"Neither operational profile changes the other's general preconditions, cost, timing, risk, or outcome without additional project-specific facts.",fail,No implementation or review decision changes from the profiles alone.,Independence,,,A project can apply Occam's Razor to selection among equally adequate designs or explanations while no decision concerning representation of regular variation as data or control flow arises.,"A relationship may occur in a specific refactoring, but it is not entailed by the canonical profiles.",high,reject,,J-20260715-1920-04
P091,Occam's Razor,Make Illegal States Unrepresentable,fail,Distinct operational decisions: Occam's Razor governs selection among equally adequate designs or explanations; Make Illegal States Unrepresentable governs representation and enforcement of stable invariants. The profiles do not establish a shared or causal decision surface.,fail,"Neither operational profile changes the other's general preconditions, cost, timing, risk, or outcome without additional project-specific facts.",fail,No implementation or review decision changes from the profiles alone.,Independence,,,A project can apply Occam's Razor to selection among equally adequate designs or explanations while no decision concerning representation and enforcement of stable invariants arises.,"A relationship may occur in a specific refactoring, but it is not entailed by the canonical profiles.",high,reject,,J-20260715-1920-04
P092,Occam's Razor,"Parse, Don't Validate",pass,Both affect treatment of assumptions about untrusted input.,fail,Rejected hypothesis: Parsing replaces downstream unsupported assumptions with an explicit proof carried by a precise value.,fail,No context-independent implementation or review consequence was supported.,Independence,,Unsupported,pass,"A project-specific interaction may exist, but no general mechanism survived the evidence and counterexample tests.",medium,reject,pair-dossiers/P092-occam-s-razor-parse-don-t-validate.md,J-20260715-1920-04;J-20260715-1935-05;J-20260715-1950-06
P093,Occam's Razor,"Tell, Don't Ask",fail,"Distinct operational decisions: Occam's Razor governs selection among equally adequate designs or explanations; Tell, Don't Ask governs ownership of state-dependent decisions and transitions. The profiles do not establish a shared or causal decision surface.",fail,"Neither operational profile changes the other's general preconditions, cost, timing, risk, or outcome without additional project-specific facts.",fail,No implementation or review decision changes from the profiles alone.,Independence,,,A project can apply Occam's Razor to selection among equally adequate designs or explanations while no decision concerning ownership of state-dependent decisions and transitions arises.,"A relationship may occur in a specific refactoring, but it is not entailed by the canonical profiles.",high,reject,,J-20260715-1920-04
P094,Occam's Razor,Law of Demeter,pass,Both affect assumptions a caller makes about collaborator structure.,fail,Rejected hypothesis: Replacing object-graph navigation with a meaningful nearby operation removes assumptions about nested ownership and layout.,fail,No context-independent implementation or review consequence was supported.,Independence,,Unsupported,pass,"A project-specific interaction may exist, but no general mechanism survived the evidence and counterexample tests.",medium,reject,pair-dossiers/P094-occam-s-razor-law-of-demeter.md,J-20260715-1920-04;J-20260715-1935-05;J-20260715-1950-06
P095,Occam's Razor,Boy Scout Rule,fail,Distinct operational decisions: Occam's Razor governs selection among equally adequate designs or explanations; Boy Scout Rule governs scope and timing of incidental local cleanup. The profiles do not establish a shared or causal decision surface.,fail,"Neither operational profile changes the other's general preconditions, cost, timing, risk, or outcome without additional project-specific facts.",fail,No implementation or review decision changes from the profiles alone.,Independence,,,A project can apply Occam's Razor to selection among equally adequate designs or explanations while no decision concerning scope and timing of incidental local cleanup arises.,"A relationship may occur in a specific refactoring, but it is not entailed by the canonical profiles.",high,reject,,J-20260715-1920-04
P096,Principle of Least Power,Separation of Concerns,fail,Distinct operational decisions: Principle of Least Power governs expressive power of the chosen mechanism; Separation of Concerns governs logical boundaries between kinds of decisions. The profiles do not establish a shared or causal decision surface.,fail,"Neither operational profile changes the other's general preconditions, cost, timing, risk, or outcome without additional project-specific facts.",fail,No implementation or review decision changes from the profiles alone.,Independence,,,A project can apply Principle of Least Power to expressive power of the chosen mechanism while no decision concerning logical boundaries between kinds of decisions arises.,"A relationship may occur in a specific refactoring, but it is not entailed by the canonical profiles.",high,reject,,J-20260715-1920-04
P097,Principle of Least Power,Single Responsibility Principle,fail,Distinct operational decisions: Principle of Least Power governs expressive power of the chosen mechanism; Single Responsibility Principle governs module cohesion around reasons for change. The profiles do not establish a shared or causal decision surface.,fail,"Neither operational profile changes the other's general preconditions, cost, timing, risk, or outcome without additional project-specific facts.",fail,No implementation or review decision changes from the profiles alone.,Independence,,,A project can apply Principle of Least Power to expressive power of the chosen mechanism while no decision concerning module cohesion around reasons for change arises.,"A relationship may occur in a specific refactoring, but it is not entailed by the canonical profiles.",high,reject,,J-20260715-1920-04
P098,Principle of Least Power,Composition over Inheritance,fail,Distinct operational decisions: Principle of Least Power governs expressive power of the chosen mechanism; Composition over Inheritance governs reuse and variation mechanism. The profiles do not establish a shared or causal decision surface.,fail,"Neither operational profile changes the other's general preconditions, cost, timing, risk, or outcome without additional project-specific facts.",fail,No implementation or review decision changes from the profiles alone.,Independence,,,A project can apply Principle of Least Power to expressive power of the chosen mechanism while no decision concerning reuse and variation mechanism arises.,"A relationship may occur in a specific refactoring, but it is not entailed by the canonical profiles.",high,reject,,J-20260715-1920-04
P099,Principle of Least Power,Convention over Configuration,pass,Both affect representation of routine choices and exceptions.,fail,Rejected hypothesis: Convention eliminates a mechanism for the dominant case; the remaining override can use the least expressive representation that suffices.,fail,No context-independent implementation or review consequence was supported.,Independence,,Unsupported,pass,"A project-specific interaction may exist, but no general mechanism survived the evidence and counterexample tests.",medium,reject,pair-dossiers/P099-principle-of-least-power-convention-over-configuration.md,J-20260715-1920-04;J-20260715-1935-05;J-20260715-1950-06
P100,Principle of Least Power,Unix Philosophy,pass,Both affect expressiveness of component interfaces.,fail,Rejected hypothesis: Constrained composable values or standard streams expose less arbitrary behavior than embedding callers or scripts in each component.,fail,No context-independent implementation or review consequence was supported.,Independence,,Unsupported,pass,"A project-specific interaction may exist, but no general mechanism survived the evidence and counterexample tests.",medium,reject,pair-dossiers/P100-principle-of-least-power-unix-philosophy.md,J-20260715-1920-04;J-20260715-1935-05;J-20260715-1950-06
P101,Principle of Least Power,"Functional Core, Imperative Shell",pass,Both affect where effectful expressive power is permitted.,fail,"Rejected hypothesis: The shell confines I/O and mutation while the core uses value-to-value logic, limiting powerful effects to the boundary that requires them.",fail,No context-independent implementation or review consequence was supported.,Independence,,Unsupported,pass,"A project-specific interaction may exist, but no general mechanism survived the evidence and counterexample tests.",medium,reject,pair-dossiers/P101-principle-of-least-power-functional-core-imperative-shell.md,J-20260715-1920-04;J-20260715-1935-05;J-20260715-1950-06
P102,Principle of Least Power,Negative Code,fail,Distinct operational decisions: Principle of Least Power governs expressive power of the chosen mechanism; Negative Code governs net removal of owned machinery while preserving contract. The profiles do not establish a shared or causal decision surface.,fail,"Neither operational profile changes the other's general preconditions, cost, timing, risk, or outcome without additional project-specific facts.",fail,No implementation or review decision changes from the profiles alone.,Independence,,,A project can apply Principle of Least Power to expressive power of the chosen mechanism while no decision concerning net removal of owned machinery while preserving contract arises.,"A relationship may occur in a specific refactoring, but it is not entailed by the canonical profiles.",high,reject,,J-20260715-1920-04
P103,Principle of Least Power,Dead Code Elimination,fail,Distinct operational decisions: Principle of Least Power governs expressive power of the chosen mechanism; Dead Code Elimination governs liveness within the supported system boundary. The profiles do not establish a shared or causal decision surface.,fail,"Neither operational profile changes the other's general preconditions, cost, timing, risk, or outcome without additional project-specific facts.",fail,No implementation or review decision changes from the profiles alone.,Independence,,,A project can apply Principle of Least Power to expressive power of the chosen mechanism while no decision concerning liveness within the supported system boundary arises.,"A relationship may occur in a specific refactoring, but it is not entailed by the canonical profiles.",high,reject,,J-20260715-1920-04
P104,Principle of Least Power,Refactoring Toward Primitives,pass,Causally connected decisions: Principle of Least Power governs expressive power of the chosen mechanism; Refactoring Toward Primitives governs replacement of custom code by existing capabilities.,fail,"Adversarial rejection: The claim that primitives are often constrained is contingent coincidence: existing capabilities may be more expressive, and Least Power may favor a custom declarative form. Neither principle causally changes the other's decision.",fail,"No pair-specific, context-independent implementation or review consequence survived adversarial review.",Independence,,Unsupported,A regular expression is not an adequate primitive for a nested grammar that requires a parser.,Applies when the platform primitive fully supplies the required semantics.,high,reject,pair-dossiers/P104-principle-of-least-power-refactoring-toward-primitives.md,J-20260715-1920-04;J-20260715-1935-05;J-20260715-1950-06;J-20260715-2015-07;J-20260715-2050-09
P105,Principle of Least Power,Dependency Inversion Principle,pass,Both affect expressiveness of a policy-owned contract.,fail,Rejected hypothesis: A narrow domain-shaped port exposes only capabilities policy requires rather than a powerful vendor API.,fail,No context-independent implementation or review consequence was supported.,Independence,,Unsupported,pass,"A project-specific interaction may exist, but no general mechanism survived the evidence and counterexample tests.",medium,reject,pair-dossiers/P105-principle-of-least-power-dependency-inversion-principle.md,J-20260715-1920-04;J-20260715-1935-05;J-20260715-1950-06
P106,Principle of Least Power,Data-Driven Design,pass,Causally connected decisions: Principle of Least Power governs expressive power of the chosen mechanism; Data-Driven Design governs representation of regular variation as data or control flow.,pass,Moving regular variation from executable branches into validated data reduces expressive power while keeping the decision space visible.,pass,A typed table replaces repeated control flow only where one algorithm interprets all rows.,Reinforcement,,Convergent,A callback-filled rules table is still executable behavior and gains no least-power advantage.,Applies when variation is regular and can be represented without arbitrary callbacks.,high,publish,pair-dossiers/P106-principle-of-least-power-data-driven-design.md,J-20260715-1920-04;J-20260715-1935-05;J-20260715-1950-06;J-20260715-2015-07;J-20260715-2050-09
P107,Principle of Least Power,Make Illegal States Unrepresentable,pass,Causally connected decisions: Principle of Least Power governs expressive power of the chosen mechanism; Make Illegal States Unrepresentable governs representation and enforcement of stable invariants.,pass,A representation that cannot express invalid combinations has less power in exactly the domain dimension that creates defensive work.,pass,"The implementation chooses a constrained sum type, set, map, or constructor over a broad bag of optional fields.",Reinforcement,,Convergent,Encoding a mutable remote fact in a static type overclaims what the representation can guarantee.,Applies when stable illegal combinations can be excluded by an ordinary representation.,high,publish,pair-dossiers/P107-principle-of-least-power-make-illegal-states-unrepresentable.md,J-20260715-1920-04;J-20260715-1935-05;J-20260715-1950-06;J-20260715-2015-07;J-20260715-2050-09
P108,Principle of Least Power,"Parse, Don't Validate",pass,"Causally connected decisions: Principle of Least Power governs expressive power of the chosen mechanism; Parse, Don't Validate governs conversion of raw input into trusted domain values.",fail,"Rejected hypothesis: Parsing narrows weak input into a less expressive trusted representation, confining arbitrary external forms to the boundary.",fail,No context-independent implementation or review consequence was supported.,Independence,,Unsupported,"A parser cannot freeze current authorization, so the internal model must still permit an explicit rejection.","A project-specific interaction may exist, but no general mechanism survived the evidence and counterexample tests.",medium,reject,pair-dossiers/P108-principle-of-least-power-parse-don-t-validate.md,J-20260715-1920-04;J-20260715-1935-05;J-20260715-1950-06
P109,Principle of Least Power,"Tell, Don't Ask",pass,Both affect capability exposed by a state owner.,fail,Rejected hypothesis: A meaningful command grants the caller only the valid transition instead of broad getters and setters that permit arbitrary mutation sequences.,fail,No context-independent implementation or review consequence was supported.,Independence,,Unsupported,pass,"A project-specific interaction may exist, but no general mechanism survived the evidence and counterexample tests.",medium,reject,pair-dossiers/P109-principle-of-least-power-tell-don-t-ask.md,J-20260715-1920-04;J-20260715-1935-05;J-20260715-1950-06
P110,Principle of Least Power,Law of Demeter,pass,Both affect breadth of a collaborator interface.,fail,Rejected hypothesis: Least Power limits what an immediate interface can do; Demeter limits which internal relationships the caller can reach through it.,fail,No context-independent implementation or review consequence was supported.,Independence,,Unsupported,pass,"A project-specific interaction may exist, but no general mechanism survived the evidence and counterexample tests.",medium,reject,pair-dossiers/P110-principle-of-least-power-law-of-demeter.md,J-20260715-1920-04;J-20260715-1935-05;J-20260715-1950-06
P111,Principle of Least Power,Boy Scout Rule,fail,Distinct operational decisions: Principle of Least Power governs expressive power of the chosen mechanism; Boy Scout Rule governs scope and timing of incidental local cleanup. The profiles do not establish a shared or causal decision surface.,fail,"Neither operational profile changes the other's general preconditions, cost, timing, risk, or outcome without additional project-specific facts.",fail,No implementation or review decision changes from the profiles alone.,Independence,,,A project can apply Principle of Least Power to expressive power of the chosen mechanism while no decision concerning scope and timing of incidental local cleanup arises.,"A relationship may occur in a specific refactoring, but it is not entailed by the canonical profiles.",high,reject,,J-20260715-1920-04
P112,Separation of Concerns,Single Responsibility Principle,pass,Causally connected decisions: Separation of Concerns governs logical boundaries between kinds of decisions; Single Responsibility Principle governs module cohesion around reasons for change.,pass,Both separate independently changing work; SRP sharpens the boundary test by identifying the actor or business reason for change.,pass,A module split is justified by distinct stakeholders rather than verbs or technical layers alone.,Overlap,,Convergent,Several operations for one cohesive pricing actor remain one responsibility despite different verbs.,Applies when a module mixes decisions with independent change reasons.,high,publish,pair-dossiers/P112-separation-of-concerns-single-responsibility-principle.md,J-20260715-1920-04;J-20260715-1935-05;J-20260715-1950-06;J-20260715-2015-07;J-20260715-2050-09
P113,Separation of Concerns,Composition over Inheritance,pass,Causally connected decisions: Separation of Concerns governs logical boundaries between kinds of decisions; Composition over Inheritance governs reuse and variation mechanism.,pass,"Once independent variation axes are separated, composition can recombine them without subclassing every combination.",pass,"Format, destination, filtering, or policy remain focused behaviors assembled at one explicit boundary.",Enablement,,Convergent,"If behavior never varies, separated strategy objects add wiring without enabling useful composition.",Applies when two or more behavior axes vary independently.,high,publish,pair-dossiers/P113-separation-of-concerns-composition-over-inheritance.md,J-20260715-1920-04;J-20260715-1935-05;J-20260715-1950-06;J-20260715-2015-07;J-20260715-2050-09
P114,Separation of Concerns,Convention over Configuration,fail,Distinct operational decisions: Separation of Concerns governs logical boundaries between kinds of decisions; Convention over Configuration governs routine defaults versus explicit exceptions. The profiles do not establish a shared or causal decision surface.,fail,"Neither operational profile changes the other's general preconditions, cost, timing, risk, or outcome without additional project-specific facts.",fail,No implementation or review decision changes from the profiles alone.,Independence,,,A project can apply Separation of Concerns to logical boundaries between kinds of decisions while no decision concerning routine defaults versus explicit exceptions arises.,"A relationship may occur in a specific refactoring, but it is not entailed by the canonical profiles.",high,reject,,J-20260715-1920-04
P115,Separation of Concerns,Unix Philosophy,pass,Causally connected decisions: Separation of Concerns governs logical boundaries between kinds of decisions; Unix Philosophy governs component scope and composition interface.,pass,Focused components with stable composable interfaces are an operational form of separating coherent work while preserving recombination.,pass,A component exposes reusable data rather than absorbing every adjacent transformation.,Reinforcement,,Direct,A transaction that must succeed atomically may be clearer and safer as one cohesive component.,Applies when a workflow contains coherent stages that can exchange a stable representation.,high,publish,pair-dossiers/P115-separation-of-concerns-unix-philosophy.md,J-20260715-1920-04;J-20260715-1935-05;J-20260715-1950-06;J-20260715-2015-07;J-20260715-2050-09
P116,Separation of Concerns,"Functional Core, Imperative Shell",pass,"Causally connected decisions: Separation of Concerns governs logical boundaries between kinds of decisions; Functional Core, Imperative Shell governs placement of deterministic decisions and effects.",pass,The core/shell pattern instantiates separation by isolating deterministic decisions from external effects.,pass,"Policy can be tested with values while the shell owns I/O, retries, and operational failure handling.",Reinforcement,,Convergent,A tiny effect-only adapter has no meaningful pure core to extract.,Applies when a workflow mixes substantial domain decisions with effects.,high,publish,pair-dossiers/P116-separation-of-concerns-functional-core-imperative-shell.md,J-20260715-1920-04;J-20260715-1935-05;J-20260715-1950-06;J-20260715-2015-07;J-20260715-2050-09
P117,Separation of Concerns,Negative Code,fail,Distinct operational decisions: Separation of Concerns governs logical boundaries between kinds of decisions; Negative Code governs net removal of owned machinery while preserving contract. The profiles do not establish a shared or causal decision surface.,fail,"Neither operational profile changes the other's general preconditions, cost, timing, risk, or outcome without additional project-specific facts.",fail,No implementation or review decision changes from the profiles alone.,Independence,,,A project can apply Separation of Concerns to logical boundaries between kinds of decisions while no decision concerning net removal of owned machinery while preserving contract arises.,"A relationship may occur in a specific refactoring, but it is not entailed by the canonical profiles.",high,reject,,J-20260715-1920-04
P118,Separation of Concerns,Dead Code Elimination,fail,Distinct operational decisions: Separation of Concerns governs logical boundaries between kinds of decisions; Dead Code Elimination governs liveness within the supported system boundary. The profiles do not establish a shared or causal decision surface.,fail,"Neither operational profile changes the other's general preconditions, cost, timing, risk, or outcome without additional project-specific facts.",fail,No implementation or review decision changes from the profiles alone.,Independence,,,A project can apply Separation of Concerns to logical boundaries between kinds of decisions while no decision concerning liveness within the supported system boundary arises.,"A relationship may occur in a specific refactoring, but it is not entailed by the canonical profiles.",high,reject,,J-20260715-1920-04
P119,Separation of Concerns,Refactoring Toward Primitives,fail,Distinct operational decisions: Separation of Concerns governs logical boundaries between kinds of decisions; Refactoring Toward Primitives governs replacement of custom code by existing capabilities. The profiles do not establish a shared or causal decision surface.,fail,"Neither operational profile changes the other's general preconditions, cost, timing, risk, or outcome without additional project-specific facts.",fail,No implementation or review decision changes from the profiles alone.,Independence,,,A project can apply Separation of Concerns to logical boundaries between kinds of decisions while no decision concerning replacement of custom code by existing capabilities arises.,"A relationship may occur in a specific refactoring, but it is not entailed by the canonical profiles.",high,reject,,J-20260715-1920-04
P120,Separation of Concerns,Dependency Inversion Principle,pass,Causally connected decisions: Separation of Concerns governs logical boundaries between kinds of decisions; Dependency Inversion Principle governs contract ownership and source-dependency direction.,pass,Separating policy from infrastructure identifies the boundary; inversion makes the detail depend on the policy-owned contract.,pass,Vendor types stay outside and the core states only the capability it needs.,Enablement,Complementary,Direct,A stable local algorithm is not an infrastructure concern requiring an inverted interface.,Applies when stable policy and volatile detail have distinct change reasons.,high,publish,pair-dossiers/P120-separation-of-concerns-dependency-inversion-principle.md,J-20260715-1920-04;J-20260715-1935-05;J-20260715-1950-06;J-20260715-2015-07;J-20260715-2050-09
P121,Separation of Concerns,Data-Driven Design,fail,Distinct operational decisions: Separation of Concerns governs logical boundaries between kinds of decisions; Data-Driven Design governs representation of regular variation as data or control flow. The profiles do not establish a shared or causal decision surface.,fail,"Neither operational profile changes the other's general preconditions, cost, timing, risk, or outcome without additional project-specific facts.",fail,No implementation or review decision changes from the profiles alone.,Independence,,,A project can apply Separation of Concerns to logical boundaries between kinds of decisions while no decision concerning representation of regular variation as data or control flow arises.,"A relationship may occur in a specific refactoring, but it is not entailed by the canonical profiles.",high,reject,,J-20260715-1920-04
P122,Separation of Concerns,Make Illegal States Unrepresentable,fail,Distinct operational decisions: Separation of Concerns governs logical boundaries between kinds of decisions; Make Illegal States Unrepresentable governs representation and enforcement of stable invariants. The profiles do not establish a shared or causal decision surface.,fail,"Neither operational profile changes the other's general preconditions, cost, timing, risk, or outcome without additional project-specific facts.",fail,No implementation or review decision changes from the profiles alone.,Independence,,,A project can apply Separation of Concerns to logical boundaries between kinds of decisions while no decision concerning representation and enforcement of stable invariants arises.,"A relationship may occur in a specific refactoring, but it is not entailed by the canonical profiles.",high,reject,,J-20260715-1920-04
P123,Separation of Concerns,"Parse, Don't Validate",pass,"Causally connected decisions: Separation of Concerns governs logical boundaries between kinds of decisions; Parse, Don't Validate governs conversion of raw input into trusted domain values.",pass,A parsing boundary separates untrusted transport representation from trusted domain decisions and supplies the value crossing that boundary.,pass,"Effects decode and parse before domain behavior, which no longer accepts raw request or SDK types.",Reinforcement,,Convergent,Internal values produced entirely inside a trusted module need no redundant parsing layer.,Applies when raw external data would otherwise leak into domain logic.,high,publish,pair-dossiers/P123-separation-of-concerns-parse-don-t-validate.md,J-20260715-1920-04;J-20260715-1935-05;J-20260715-1950-06;J-20260715-2015-07;J-20260715-2050-09
P124,Separation of Concerns,"Tell, Don't Ask",pass,"Causally connected decisions: Separation of Concerns governs logical boundaries between kinds of decisions; Tell, Don't Ask governs ownership of state-dependent decisions and transitions.",pass,"Tell, Don't Ask moves invariant behavior toward its data owner, while separation prevents that owner from absorbing unrelated persistence, presentation, or workflow.",pass,The domain operation owns one transition and returns an outcome for an outer orchestrator.,Tension,Moderation,Convergent,Moving HTML rendering into an account object merely because it has data violates concern separation.,Applies when a query-decide-mutate sequence mixes invariant enforcement with other workflow work.,high,publish,pair-dossiers/P124-separation-of-concerns-tell-don-t-ask.md,J-20260715-1920-04;J-20260715-1935-05;J-20260715-1950-06;J-20260715-2015-07;J-20260715-2050-09
P125,Separation of Concerns,Law of Demeter,pass,Causally connected decisions: Separation of Concerns governs logical boundaries between kinds of decisions; Law of Demeter governs knowledge of collaborators' internal structure.,pass,A real concern boundary is undermined when callers navigate its internal object graph; meaningful near-neighbor operations preserve the separation.,pass,Callers depend on the boundary's capability or plain boundary value rather than nested implementation structure.,Reinforcement,,Convergent,A renderer traversing a transparent immutable view model is not crossing a hidden concern boundary.,Applies when one concern reaches through another's internal ownership chain.,high,publish,pair-dossiers/P125-separation-of-concerns-law-of-demeter.md,J-20260715-1920-04;J-20260715-1935-05;J-20260715-1950-06;J-20260715-2015-07;J-20260715-2050-09
P126,Separation of Concerns,Boy Scout Rule,fail,Distinct operational decisions: Separation of Concerns governs logical boundaries between kinds of decisions; Boy Scout Rule governs scope and timing of incidental local cleanup. The profiles do not establish a shared or causal decision surface.,fail,"Neither operational profile changes the other's general preconditions, cost, timing, risk, or outcome without additional project-specific facts.",fail,No implementation or review decision changes from the profiles alone.,Independence,,,A project can apply Separation of Concerns to logical boundaries between kinds of decisions while no decision concerning scope and timing of incidental local cleanup arises.,"A relationship may occur in a specific refactoring, but it is not entailed by the canonical profiles.",high,reject,,J-20260715-1920-04
P127,Single Responsibility Principle,Composition over Inheritance,pass,Both affect how independently owned behavior is assembled.,fail,Rejected hypothesis: SRP identifies behaviors that change for different actors; composition keeps them separate and combines them at a useful boundary.,fail,No context-independent implementation or review consequence was supported.,Independence,,Unsupported,pass,"A project-specific interaction may exist, but no general mechanism survived the evidence and counterexample tests.",medium,reject,pair-dossiers/P127-single-responsibility-principle-composition-over-inheritance.md,J-20260715-1920-04;J-20260715-1935-05;J-20260715-1950-06
P128,Single Responsibility Principle,Convention over Configuration,fail,Distinct operational decisions: Single Responsibility Principle governs module cohesion around reasons for change; Convention over Configuration governs routine defaults versus explicit exceptions. The profiles do not establish a shared or causal decision surface.,fail,"Neither operational profile changes the other's general preconditions, cost, timing, risk, or outcome without additional project-specific facts.",fail,No implementation or review decision changes from the profiles alone.,Independence,,,A project can apply Single Responsibility Principle to module cohesion around reasons for change while no decision concerning routine defaults versus explicit exceptions arises.,"A relationship may occur in a specific refactoring, but it is not entailed by the canonical profiles.",high,reject,,J-20260715-1920-04
P129,Single Responsibility Principle,Unix Philosophy,pass,Causally connected decisions: Single Responsibility Principle governs module cohesion around reasons for change; Unix Philosophy governs component scope and composition interface.,pass,"Both seek cohesive units, but SRP tests reasons for change while Unix Philosophy additionally requires composable interfaces.",pass,A component keeps one recognizable purpose and emits output usable without importing its internal responsibilities.,Overlap,Reinforcement,Convergent,One cohesive compiler performs many internal operations without violating either principle.,Applies when component scope is being chosen around coherent work.,high,publish,pair-dossiers/P129-single-responsibility-principle-unix-philosophy.md,J-20260715-1920-04;J-20260715-1935-05;J-20260715-1950-06;J-20260715-2015-07;J-20260715-2050-09
P130,Single Responsibility Principle,"Functional Core, Imperative Shell",fail,"Distinct operational decisions: Single Responsibility Principle governs module cohesion around reasons for change; Functional Core, Imperative Shell governs placement of deterministic decisions and effects. The profiles do not establish a shared or causal decision surface.",fail,"Neither operational profile changes the other's general preconditions, cost, timing, risk, or outcome without additional project-specific facts.",fail,No implementation or review decision changes from the profiles alone.,Independence,,,A project can apply Single Responsibility Principle to module cohesion around reasons for change while no decision concerning placement of deterministic decisions and effects arises.,"A relationship may occur in a specific refactoring, but it is not entailed by the canonical profiles.",high,reject,,J-20260715-1920-04
P131,Single Responsibility Principle,Negative Code,fail,Distinct operational decisions: Single Responsibility Principle governs module cohesion around reasons for change; Negative Code governs net removal of owned machinery while preserving contract. The profiles do not establish a shared or causal decision surface.,fail,"Neither operational profile changes the other's general preconditions, cost, timing, risk, or outcome without additional project-specific facts.",fail,No implementation or review decision changes from the profiles alone.,Independence,,,A project can apply Single Responsibility Principle to module cohesion around reasons for change while no decision concerning net removal of owned machinery while preserving contract arises.,"A relationship may occur in a specific refactoring, but it is not entailed by the canonical profiles.",high,reject,,J-20260715-1920-04
P132,Single Responsibility Principle,Dead Code Elimination,fail,Distinct operational decisions: Single Responsibility Principle governs module cohesion around reasons for change; Dead Code Elimination governs liveness within the supported system boundary. The profiles do not establish a shared or causal decision surface.,fail,"Neither operational profile changes the other's general preconditions, cost, timing, risk, or outcome without additional project-specific facts.",fail,No implementation or review decision changes from the profiles alone.,Independence,,,A project can apply Single Responsibility Principle to module cohesion around reasons for change while no decision concerning liveness within the supported system boundary arises.,"A relationship may occur in a specific refactoring, but it is not entailed by the canonical profiles.",high,reject,,J-20260715-1920-04
P133,Single Responsibility Principle,Refactoring Toward Primitives,fail,Distinct operational decisions: Single Responsibility Principle governs module cohesion around reasons for change; Refactoring Toward Primitives governs replacement of custom code by existing capabilities. The profiles do not establish a shared or causal decision surface.,fail,"Neither operational profile changes the other's general preconditions, cost, timing, risk, or outcome without additional project-specific facts.",fail,No implementation or review decision changes from the profiles alone.,Independence,,,A project can apply Single Responsibility Principle to module cohesion around reasons for change while no decision concerning replacement of custom code by existing capabilities arises.,"A relationship may occur in a specific refactoring, but it is not entailed by the canonical profiles.",high,reject,,J-20260715-1920-04
P134,Single Responsibility Principle,Dependency Inversion Principle,pass,Causally connected decisions: Single Responsibility Principle governs module cohesion around reasons for change; Dependency Inversion Principle governs contract ownership and source-dependency direction.,pass,SRP identifies policy and infrastructure as different responsibilities; DIP controls dependency direction across the resulting boundary.,pass,The policy module owns a narrow contract and the infrastructure module implements it.,Complementary,,Convergent,Splitting a stable local helper and adding an interface creates responsibilities that did not exist.,Applies when policy and volatile detail change for different actors or reasons.,high,publish,pair-dossiers/P134-single-responsibility-principle-dependency-inversion-principle.md,J-20260715-1920-04;J-20260715-1935-05;J-20260715-1950-06;J-20260715-2015-07;J-20260715-2050-09
P135,Single Responsibility Principle,Data-Driven Design,fail,Distinct operational decisions: Single Responsibility Principle governs module cohesion around reasons for change; Data-Driven Design governs representation of regular variation as data or control flow. The profiles do not establish a shared or causal decision surface.,fail,"Neither operational profile changes the other's general preconditions, cost, timing, risk, or outcome without additional project-specific facts.",fail,No implementation or review decision changes from the profiles alone.,Independence,,,A project can apply Single Responsibility Principle to module cohesion around reasons for change while no decision concerning representation of regular variation as data or control flow arises.,"A relationship may occur in a specific refactoring, but it is not entailed by the canonical profiles.",high,reject,,J-20260715-1920-04
P136,Single Responsibility Principle,Make Illegal States Unrepresentable,fail,Distinct operational decisions: Single Responsibility Principle governs module cohesion around reasons for change; Make Illegal States Unrepresentable governs representation and enforcement of stable invariants. The profiles do not establish a shared or causal decision surface.,fail,"Neither operational profile changes the other's general preconditions, cost, timing, risk, or outcome without additional project-specific facts.",fail,No implementation or review decision changes from the profiles alone.,Independence,,,A project can apply Single Responsibility Principle to module cohesion around reasons for change while no decision concerning representation and enforcement of stable invariants arises.,"A relationship may occur in a specific refactoring, but it is not entailed by the canonical profiles.",high,reject,,J-20260715-1920-04
P137,Single Responsibility Principle,"Parse, Don't Validate",fail,"Distinct operational decisions: Single Responsibility Principle governs module cohesion around reasons for change; Parse, Don't Validate governs conversion of raw input into trusted domain values. The profiles do not establish a shared or causal decision surface.",fail,"Neither operational profile changes the other's general preconditions, cost, timing, risk, or outcome without additional project-specific facts.",fail,No implementation or review decision changes from the profiles alone.,Independence,,,A project can apply Single Responsibility Principle to module cohesion around reasons for change while no decision concerning conversion of raw input into trusted domain values arises.,"A relationship may occur in a specific refactoring, but it is not entailed by the canonical profiles.",high,reject,,J-20260715-1920-04
P138,Single Responsibility Principle,"Tell, Don't Ask",pass,"Causally connected decisions: Single Responsibility Principle governs module cohesion around reasons for change; Tell, Don't Ask governs ownership of state-dependent decisions and transitions.",pass,"Tell, Don't Ask pulls invariant behavior into its owner, while SRP limits that owner to behavior serving its cohesive actor.",pass,"A domain object owns its state transition but not unrelated persistence, reporting, or cross-aggregate workflow.",Tension,Moderation,Convergent,An invoice should own pricing invariants but need not own database storage or HTML rendering.,Applies when behavior can access the data but may serve a different responsibility.,high,publish,pair-dossiers/P138-single-responsibility-principle-tell-don-t-ask.md,J-20260715-1920-04;J-20260715-1935-05;J-20260715-1950-06;J-20260715-2015-07;J-20260715-2050-09
P139,Single Responsibility Principle,Law of Demeter,fail,Distinct operational decisions: Single Responsibility Principle governs module cohesion around reasons for change; Law of Demeter governs knowledge of collaborators' internal structure. The profiles do not establish a shared or causal decision surface.,fail,"Neither operational profile changes the other's general preconditions, cost, timing, risk, or outcome without additional project-specific facts.",fail,No implementation or review decision changes from the profiles alone.,Independence,,,A project can apply Single Responsibility Principle to module cohesion around reasons for change while no decision concerning knowledge of collaborators' internal structure arises.,"A relationship may occur in a specific refactoring, but it is not entailed by the canonical profiles.",high,reject,,J-20260715-1920-04
P140,Single Responsibility Principle,Boy Scout Rule,fail,Distinct operational decisions: Single Responsibility Principle governs module cohesion around reasons for change; Boy Scout Rule governs scope and timing of incidental local cleanup. The profiles do not establish a shared or causal decision surface.,fail,"Neither operational profile changes the other's general preconditions, cost, timing, risk, or outcome without additional project-specific facts.",fail,No implementation or review decision changes from the profiles alone.,Independence,,,A project can apply Single Responsibility Principle to module cohesion around reasons for change while no decision concerning scope and timing of incidental local cleanup arises.,"A relationship may occur in a specific refactoring, but it is not entailed by the canonical profiles.",high,reject,,J-20260715-1920-04
P141,Composition over Inheritance,Convention over Configuration,fail,Distinct operational decisions: Composition over Inheritance governs reuse and variation mechanism; Convention over Configuration governs routine defaults versus explicit exceptions. The profiles do not establish a shared or causal decision surface.,fail,"Neither operational profile changes the other's general preconditions, cost, timing, risk, or outcome without additional project-specific facts.",fail,No implementation or review decision changes from the profiles alone.,Independence,,,A project can apply Composition over Inheritance to reuse and variation mechanism while no decision concerning routine defaults versus explicit exceptions arises.,"A relationship may occur in a specific refactoring, but it is not entailed by the canonical profiles.",high,reject,,J-20260715-1920-04
P142,Composition over Inheritance,Unix Philosophy,pass,Causally connected decisions: Composition over Inheritance governs reuse and variation mechanism; Unix Philosophy governs component scope and composition interface.,pass,Both build larger behavior by combining replaceable focused parts rather than enlarging one hierarchy or tool.,pass,Variation is expressed as small ordinary functions or components joined through stable values.,Reinforcement,,Convergent,Splitting a cohesive in-process algorithm into processes adds serialization and failure cost.,Applies when several focused behaviors must be combined in different ways.,high,publish,pair-dossiers/P142-composition-over-inheritance-unix-philosophy.md,J-20260715-1920-04;J-20260715-1935-05;J-20260715-1950-06;J-20260715-2015-07;J-20260715-2050-09
P143,Composition over Inheritance,"Functional Core, Imperative Shell",pass,Both affect assembly of pure decisions with effectful execution.,fail,Rejected hypothesis: The shell composes a deterministic core with focused effect adapters instead of inheriting workflow behavior from a base class.,fail,No context-independent implementation or review consequence was supported.,Independence,,Unsupported,pass,"A project-specific interaction may exist, but no general mechanism survived the evidence and counterexample tests.",medium,reject,pair-dossiers/P143-composition-over-inheritance-functional-core-imperative-shell.md,J-20260715-1920-04;J-20260715-1935-05;J-20260715-1950-06
P144,Composition over Inheritance,Negative Code,pass,Both affect replacement of subclass combinations.,fail,Rejected hypothesis: Factoring independent variation axes into composed behaviors can remove duplicated subclasses and overrides.,fail,No context-independent implementation or review consequence was supported.,Independence,,Unsupported,pass,"A project-specific interaction may exist, but no general mechanism survived the evidence and counterexample tests.",medium,reject,pair-dossiers/P144-composition-over-inheritance-negative-code.md,J-20260715-1920-04;J-20260715-1935-05;J-20260715-1950-06
P145,Composition over Inheritance,Dead Code Elimination,fail,Distinct operational decisions: Composition over Inheritance governs reuse and variation mechanism; Dead Code Elimination governs liveness within the supported system boundary. The profiles do not establish a shared or causal decision surface.,fail,"Neither operational profile changes the other's general preconditions, cost, timing, risk, or outcome without additional project-specific facts.",fail,No implementation or review decision changes from the profiles alone.,Independence,,,A project can apply Composition over Inheritance to reuse and variation mechanism while no decision concerning liveness within the supported system boundary arises.,"A relationship may occur in a specific refactoring, but it is not entailed by the canonical profiles.",high,reject,,J-20260715-1920-04
P146,Composition over Inheritance,Refactoring Toward Primitives,pass,Causally connected decisions: Composition over Inheritance governs reuse and variation mechanism; Refactoring Toward Primitives governs replacement of custom code by existing capabilities.,fail,"Adversarial rejection: A platform primitive can happen to serve as a collaborator, but that does not generally enable composition or eliminate inheritance. The proposed adapter example is a tactic-specific coincidence.",fail,"No pair-specific, context-independent implementation or review consequence survived adversarial review.",Independence,,Unsupported,Wrapping every standard call in a custom strategy preserves rather than removes machinery.,Applies when the primitive matches one independent behavior axis.,high,reject,pair-dossiers/P146-composition-over-inheritance-refactoring-toward-primitives.md,J-20260715-1920-04;J-20260715-1935-05;J-20260715-1950-06;J-20260715-2015-07;J-20260715-2050-09
P147,Composition over Inheritance,Dependency Inversion Principle,pass,Causally connected decisions: Composition over Inheritance governs reuse and variation mechanism; Dependency Inversion Principle governs contract ownership and source-dependency direction.,pass,DIP defines the policy-owned boundary and composition supplies the concrete detail at the application edge without inheritance.,pass,A small function or object is passed to policy; no container or base class is required.,Complementary,Enablement,Convergent,Composing a fixed helper solely for mockability adds no inversion value.,Applies when a real volatile detail must be assembled behind a stable policy contract.,high,publish,pair-dossiers/P147-composition-over-inheritance-dependency-inversion-principle.md,J-20260715-1920-04;J-20260715-1935-05;J-20260715-1950-06;J-20260715-2015-07;J-20260715-2050-09
P148,Composition over Inheritance,Data-Driven Design,pass,Both affect representation of variation.,fail,"Rejected hypothesis: Regular cases can move to a typed table, while irregular behavior may remain composed collaborators; each avoids forcing the other mechanism beyond its fit.",fail,No context-independent implementation or review consequence was supported.,Independence,,Unsupported,pass,"A project-specific interaction may exist, but no general mechanism survived the evidence and counterexample tests.",medium,reject,pair-dossiers/P148-composition-over-inheritance-data-driven-design.md,J-20260715-1920-04;J-20260715-1935-05;J-20260715-1950-06
P149,Composition over Inheritance,Make Illegal States Unrepresentable,fail,Distinct operational decisions: Composition over Inheritance governs reuse and variation mechanism; Make Illegal States Unrepresentable governs representation and enforcement of stable invariants. The profiles do not establish a shared or causal decision surface.,fail,"Neither operational profile changes the other's general preconditions, cost, timing, risk, or outcome without additional project-specific facts.",fail,No implementation or review decision changes from the profiles alone.,Independence,,,A project can apply Composition over Inheritance to reuse and variation mechanism while no decision concerning representation and enforcement of stable invariants arises.,"A relationship may occur in a specific refactoring, but it is not entailed by the canonical profiles.",high,reject,,J-20260715-1920-04
P150,Composition over Inheritance,"Parse, Don't Validate",fail,"Distinct operational decisions: Composition over Inheritance governs reuse and variation mechanism; Parse, Don't Validate governs conversion of raw input into trusted domain values. The profiles do not establish a shared or causal decision surface.",fail,"Neither operational profile changes the other's general preconditions, cost, timing, risk, or outcome without additional project-specific facts.",fail,No implementation or review decision changes from the profiles alone.,Independence,,,A project can apply Composition over Inheritance to reuse and variation mechanism while no decision concerning conversion of raw input into trusted domain values arises.,"A relationship may occur in a specific refactoring, but it is not entailed by the canonical profiles.",high,reject,,J-20260715-1920-04
P151,Composition over Inheritance,"Tell, Don't Ask",fail,"Distinct operational decisions: Composition over Inheritance governs reuse and variation mechanism; Tell, Don't Ask governs ownership of state-dependent decisions and transitions. The profiles do not establish a shared or causal decision surface.",fail,"Neither operational profile changes the other's general preconditions, cost, timing, risk, or outcome without additional project-specific facts.",fail,No implementation or review decision changes from the profiles alone.,Independence,,,A project can apply Composition over Inheritance to reuse and variation mechanism while no decision concerning ownership of state-dependent decisions and transitions arises.,"A relationship may occur in a specific refactoring, but it is not entailed by the canonical profiles.",high,reject,,J-20260715-1920-04
P152,Composition over Inheritance,Law of Demeter,pass,Causally connected decisions: Composition over Inheritance governs reuse and variation mechanism; Law of Demeter governs knowledge of collaborators' internal structure.,pass,Composition can create deep collaborator graphs; Law of Demeter prevents consumers from depending on the assembly's internal chain.,pass,The composer exposes a cohesive capability and keeps nested collaborators private.,Moderation,,Convergent,A transparent pipeline of returned immutable values is not harmful graph navigation.,Applies when a composed object graph would otherwise be navigated by callers.,high,publish,pair-dossiers/P152-composition-over-inheritance-law-of-demeter.md,J-20260715-1920-04;J-20260715-1935-05;J-20260715-1950-06;J-20260715-2015-07;J-20260715-2050-09
P153,Composition over Inheritance,Boy Scout Rule,fail,Distinct operational decisions: Composition over Inheritance governs reuse and variation mechanism; Boy Scout Rule governs scope and timing of incidental local cleanup. The profiles do not establish a shared or causal decision surface.,fail,"Neither operational profile changes the other's general preconditions, cost, timing, risk, or outcome without additional project-specific facts.",fail,No implementation or review decision changes from the profiles alone.,Independence,,,A project can apply Composition over Inheritance to reuse and variation mechanism while no decision concerning scope and timing of incidental local cleanup arises.,"A relationship may occur in a specific refactoring, but it is not entailed by the canonical profiles.",high,reject,,J-20260715-1920-04
P154,Convention over Configuration,Unix Philosophy,fail,Distinct operational decisions: Convention over Configuration governs routine defaults versus explicit exceptions; Unix Philosophy governs component scope and composition interface. The profiles do not establish a shared or causal decision surface.,fail,"Neither operational profile changes the other's general preconditions, cost, timing, risk, or outcome without additional project-specific facts.",fail,No implementation or review decision changes from the profiles alone.,Independence,,,A project can apply Convention over Configuration to routine defaults versus explicit exceptions while no decision concerning component scope and composition interface arises.,"A relationship may occur in a specific refactoring, but it is not entailed by the canonical profiles.",high,reject,,J-20260715-1920-04
P155,Convention over Configuration,"Functional Core, Imperative Shell",fail,"Distinct operational decisions: Convention over Configuration governs routine defaults versus explicit exceptions; Functional Core, Imperative Shell governs placement of deterministic decisions and effects. The profiles do not establish a shared or causal decision surface.",fail,"Neither operational profile changes the other's general preconditions, cost, timing, risk, or outcome without additional project-specific facts.",fail,No implementation or review decision changes from the profiles alone.,Independence,,,A project can apply Convention over Configuration to routine defaults versus explicit exceptions while no decision concerning placement of deterministic decisions and effects arises.,"A relationship may occur in a specific refactoring, but it is not entailed by the canonical profiles.",high,reject,,J-20260715-1920-04
P156,Convention over Configuration,Negative Code,pass,Both affect removal of redundant ordinary-case configuration.,fail,"Rejected hypothesis: Once a stable discoverable convention supplies the default, duplicate settings and discovery glue can be safely deleted.",fail,No context-independent implementation or review consequence was supported.,Independence,,Unsupported,pass,"A project-specific interaction may exist, but no general mechanism survived the evidence and counterexample tests.",medium,reject,pair-dossiers/P156-convention-over-configuration-negative-code.md,J-20260715-1920-04;J-20260715-1935-05;J-20260715-1950-06
P157,Convention over Configuration,Dead Code Elimination,fail,Distinct operational decisions: Convention over Configuration governs routine defaults versus explicit exceptions; Dead Code Elimination governs liveness within the supported system boundary. The profiles do not establish a shared or causal decision surface.,fail,"Neither operational profile changes the other's general preconditions, cost, timing, risk, or outcome without additional project-specific facts.",fail,No implementation or review decision changes from the profiles alone.,Independence,,,A project can apply Convention over Configuration to routine defaults versus explicit exceptions while no decision concerning liveness within the supported system boundary arises.,"A relationship may occur in a specific refactoring, but it is not entailed by the canonical profiles.",high,reject,,J-20260715-1920-04
P158,Convention over Configuration,Refactoring Toward Primitives,pass,Causally connected decisions: Convention over Configuration governs routine defaults versus explicit exceptions; Refactoring Toward Primitives governs replacement of custom code by existing capabilities.,pass,Framework and ecosystem primitives often embody conventions that make repetitive local configuration unnecessary.,pass,The project follows the primitive's established discovery and naming defaults and retains explicit exceptions only.,Reinforcement,,Convergent,Opaque framework inference with many overrides can cost more than direct configuration.,Applies when a maintained platform convention covers the dominant case.,high,publish,pair-dossiers/P158-convention-over-configuration-refactoring-toward-primitives.md,J-20260715-1920-04;J-20260715-1935-05;J-20260715-1950-06;J-20260715-2015-07;J-20260715-2050-09
P159,Convention over Configuration,Dependency Inversion Principle,pass,Causally connected decisions: Convention over Configuration governs routine defaults versus explicit exceptions; Dependency Inversion Principle governs contract ownership and source-dependency direction.,pass,"Convention can reduce composition wiring, but hidden dependency resolution obscures DIP's ownership, lifetime, and source direction.",pass,The composition remains inspectable even if standard conventions discover adapters.,Tension,,Convergent,Explicit construction is preferable when inferred resolution makes errors and lifetimes hard to trace.,Applies when a framework convention auto-wires policy and details.,high,publish,pair-dossiers/P159-convention-over-configuration-dependency-inversion-principle.md,J-20260715-1920-04;J-20260715-1935-05;J-20260715-1950-06;J-20260715-2015-07;J-20260715-2050-09
P160,Convention over Configuration,Data-Driven Design,pass,Both affect representation of a dominant case and its regular exceptions.,fail,Rejected hypothesis: Convention handles the stable default; a small typed table can encode the remaining inspectable variations without repeated control flow.,fail,No context-independent implementation or review consequence was supported.,Independence,,Unsupported,pass,"A project-specific interaction may exist, but no general mechanism survived the evidence and counterexample tests.",medium,reject,pair-dossiers/P160-convention-over-configuration-data-driven-design.md,J-20260715-1920-04;J-20260715-1935-05;J-20260715-1950-06
P161,Convention over Configuration,Make Illegal States Unrepresentable,fail,Distinct operational decisions: Convention over Configuration governs routine defaults versus explicit exceptions; Make Illegal States Unrepresentable governs representation and enforcement of stable invariants. The profiles do not establish a shared or causal decision surface.,fail,"Neither operational profile changes the other's general preconditions, cost, timing, risk, or outcome without additional project-specific facts.",fail,No implementation or review decision changes from the profiles alone.,Independence,,,A project can apply Convention over Configuration to routine defaults versus explicit exceptions while no decision concerning representation and enforcement of stable invariants arises.,"A relationship may occur in a specific refactoring, but it is not entailed by the canonical profiles.",high,reject,,J-20260715-1920-04
P162,Convention over Configuration,"Parse, Don't Validate",pass,"Causally connected decisions: Convention over Configuration governs routine defaults versus explicit exceptions; Parse, Don't Validate governs conversion of raw input into trusted domain values.",fail,"Rejected hypothesis: A convention supplies defaults, while parsing resolves defaults and explicit overrides into one trusted configuration value.",fail,No context-independent implementation or review consequence was supported.,Independence,,Unsupported,A security-sensitive retention policy should not be silently inferred from a filename convention.,"A project-specific interaction may exist, but no general mechanism survived the evidence and counterexample tests.",medium,reject,pair-dossiers/P162-convention-over-configuration-parse-don-t-validate.md,J-20260715-1920-04;J-20260715-1935-05;J-20260715-1950-06
P163,Convention over Configuration,"Tell, Don't Ask",fail,"Distinct operational decisions: Convention over Configuration governs routine defaults versus explicit exceptions; Tell, Don't Ask governs ownership of state-dependent decisions and transitions. The profiles do not establish a shared or causal decision surface.",fail,"Neither operational profile changes the other's general preconditions, cost, timing, risk, or outcome without additional project-specific facts.",fail,No implementation or review decision changes from the profiles alone.,Independence,,,A project can apply Convention over Configuration to routine defaults versus explicit exceptions while no decision concerning ownership of state-dependent decisions and transitions arises.,"A relationship may occur in a specific refactoring, but it is not entailed by the canonical profiles.",high,reject,,J-20260715-1920-04
P164,Convention over Configuration,Law of Demeter,fail,Distinct operational decisions: Convention over Configuration governs routine defaults versus explicit exceptions; Law of Demeter governs knowledge of collaborators' internal structure. The profiles do not establish a shared or causal decision surface.,fail,"Neither operational profile changes the other's general preconditions, cost, timing, risk, or outcome without additional project-specific facts.",fail,No implementation or review decision changes from the profiles alone.,Independence,,,A project can apply Convention over Configuration to routine defaults versus explicit exceptions while no decision concerning knowledge of collaborators' internal structure arises.,"A relationship may occur in a specific refactoring, but it is not entailed by the canonical profiles.",high,reject,,J-20260715-1920-04
P165,Convention over Configuration,Boy Scout Rule,fail,Distinct operational decisions: Convention over Configuration governs routine defaults versus explicit exceptions; Boy Scout Rule governs scope and timing of incidental local cleanup. The profiles do not establish a shared or causal decision surface.,fail,"Neither operational profile changes the other's general preconditions, cost, timing, risk, or outcome without additional project-specific facts.",fail,No implementation or review decision changes from the profiles alone.,Independence,,,A project can apply Convention over Configuration to routine defaults versus explicit exceptions while no decision concerning scope and timing of incidental local cleanup arises.,"A relationship may occur in a specific refactoring, but it is not entailed by the canonical profiles.",high,reject,,J-20260715-1920-04
P166,Unix Philosophy,"Functional Core, Imperative Shell",pass,"Causally connected decisions: Unix Philosophy governs component scope and composition interface; Functional Core, Imperative Shell governs placement of deterministic decisions and effects.",pass,"Unix-style value streams and focused stages support a deterministic core, while the shell owns process and I/O effects.",pass,"Pure transformations can be composed and tested separately from file, network, and diagnostic handling.",Complementary,,Convergent,A simple pass-through command with only I/O has no useful functional core.,Applies when a tool contains meaningful transformations plus external interaction.,high,publish,pair-dossiers/P166-unix-philosophy-functional-core-imperative-shell.md,J-20260715-1920-04;J-20260715-1935-05;J-20260715-1950-06;J-20260715-2015-07;J-20260715-2050-09
P167,Unix Philosophy,Negative Code,pass,Both affect reuse of existing focused components instead of custom monoliths.,fail,Rejected hypothesis: Combining an existing tool through a stable interface can replace owned implementation and its perimeter.,fail,No context-independent implementation or review consequence was supported.,Independence,,Unsupported,pass,"A project-specific interaction may exist, but no general mechanism survived the evidence and counterexample tests.",medium,reject,pair-dossiers/P167-unix-philosophy-negative-code.md,J-20260715-1920-04;J-20260715-1935-05;J-20260715-1950-06
P168,Unix Philosophy,Dead Code Elimination,fail,Distinct operational decisions: Unix Philosophy governs component scope and composition interface; Dead Code Elimination governs liveness within the supported system boundary. The profiles do not establish a shared or causal decision surface.,fail,"Neither operational profile changes the other's general preconditions, cost, timing, risk, or outcome without additional project-specific facts.",fail,No implementation or review decision changes from the profiles alone.,Independence,,,A project can apply Unix Philosophy to component scope and composition interface while no decision concerning liveness within the supported system boundary arises.,"A relationship may occur in a specific refactoring, but it is not entailed by the canonical profiles.",high,reject,,J-20260715-1920-04
P169,Unix Philosophy,Refactoring Toward Primitives,pass,Causally connected decisions: Unix Philosophy governs component scope and composition interface; Refactoring Toward Primitives governs replacement of custom code by existing capabilities.,pass,The Unix emphasis on composing existing focused tools makes a reliable platform utility a preferred replacement for a monolithic custom feature.,pass,A stage is implemented with a standard tool or format and can still be replaced independently.,Reinforcement,,Convergent,An ad hoc `awk` split is not adequate for CSV fields containing quotes and newlines.,Applies when existing tools handle the input contract and error semantics.,high,publish,pair-dossiers/P169-unix-philosophy-refactoring-toward-primitives.md,J-20260715-1920-04;J-20260715-1935-05;J-20260715-1950-06;J-20260715-2015-07;J-20260715-2050-09
P170,Unix Philosophy,Dependency Inversion Principle,pass,Both affect stable interfaces between focused policy and details.,fail,"Rejected hypothesis: A simple composable interface can serve as the policy-owned boundary, with external tools or adapters supplying details.",fail,No context-independent implementation or review consequence was supported.,Independence,,Unsupported,pass,"A project-specific interaction may exist, but no general mechanism survived the evidence and counterexample tests.",medium,reject,pair-dossiers/P170-unix-philosophy-dependency-inversion-principle.md,J-20260715-1920-04;J-20260715-1935-05;J-20260715-1950-06
P171,Unix Philosophy,Data-Driven Design,pass,Causally connected decisions: Unix Philosophy governs component scope and composition interface; Data-Driven Design governs representation of regular variation as data or control flow.,pass,Stable data interfaces let focused tools operate through one general algorithm rather than embedding a flag and branch for every case.,pass,Behavior variation moves into inspectable data consumable by several composable stages.,Enablement,,Direct,A hidden callback language inside configuration undermines simple composable interfaces.,Applies when components share a standard representation and cases are regular.,high,publish,pair-dossiers/P171-unix-philosophy-data-driven-design.md,J-20260715-1920-04;J-20260715-1935-05;J-20260715-1950-06;J-20260715-2015-07;J-20260715-2050-09
P172,Unix Philosophy,Make Illegal States Unrepresentable,pass,Causally connected decisions: Unix Philosophy governs component scope and composition interface; Make Illegal States Unrepresentable governs representation and enforcement of stable invariants.,fail,Rejected hypothesis: Open text interfaces maximize composition but can lose invariant evidence; precise typed or structured values reduce invalid states at a boundary.,fail,No context-independent implementation or review consequence was supported.,Independence,,Unsupported,Plain newline-delimited text is adequate when each line is an unconstrained string and no structure is lost.,"A project-specific interaction may exist, but no general mechanism survived the evidence and counterexample tests.",medium,reject,pair-dossiers/P172-unix-philosophy-make-illegal-states-unrepresentable.md,J-20260715-1920-04;J-20260715-1935-05;J-20260715-1950-06
P173,Unix Philosophy,"Parse, Don't Validate",pass,"Causally connected decisions: Unix Philosophy governs component scope and composition interface; Parse, Don't Validate governs conversion of raw input into trusted domain values.",pass,Composable external formats require a parser stage before focused domain transformations can rely on their structure.,pass,"One boundary component turns bytes, lines, or JSON into trusted values; later stages remain simpler.",Sequencing,Complementary,Convergent,A pipeline that intentionally treats each line as opaque text needs no richer domain parse.,Applies when a pipeline crosses from open external data into domain operations.,high,publish,pair-dossiers/P173-unix-philosophy-parse-don-t-validate.md,J-20260715-1920-04;J-20260715-1935-05;J-20260715-1950-06;J-20260715-2015-07;J-20260715-2050-09
P174,Unix Philosophy,"Tell, Don't Ask",fail,"Distinct operational decisions: Unix Philosophy governs component scope and composition interface; Tell, Don't Ask governs ownership of state-dependent decisions and transitions. The profiles do not establish a shared or causal decision surface.",fail,"Neither operational profile changes the other's general preconditions, cost, timing, risk, or outcome without additional project-specific facts.",fail,No implementation or review decision changes from the profiles alone.,Independence,,,A project can apply Unix Philosophy to component scope and composition interface while no decision concerning ownership of state-dependent decisions and transitions arises.,"A relationship may occur in a specific refactoring, but it is not entailed by the canonical profiles.",high,reject,,J-20260715-1920-04
P175,Unix Philosophy,Law of Demeter,pass,Both affect dependence on component internals.,fail,Rejected hypothesis: Stable simple interfaces let components compose without callers navigating their internal structures.,fail,No context-independent implementation or review consequence was supported.,Independence,,Unsupported,pass,"A project-specific interaction may exist, but no general mechanism survived the evidence and counterexample tests.",medium,reject,pair-dossiers/P175-unix-philosophy-law-of-demeter.md,J-20260715-1920-04;J-20260715-1935-05;J-20260715-1950-06
P176,Unix Philosophy,Boy Scout Rule,fail,Distinct operational decisions: Unix Philosophy governs component scope and composition interface; Boy Scout Rule governs scope and timing of incidental local cleanup. The profiles do not establish a shared or causal decision surface.,fail,"Neither operational profile changes the other's general preconditions, cost, timing, risk, or outcome without additional project-specific facts.",fail,No implementation or review decision changes from the profiles alone.,Independence,,,A project can apply Unix Philosophy to component scope and composition interface while no decision concerning scope and timing of incidental local cleanup arises.,"A relationship may occur in a specific refactoring, but it is not entailed by the canonical profiles.",high,reject,,J-20260715-1920-04
P177,"Functional Core, Imperative Shell",Negative Code,fail,"Distinct operational decisions: Functional Core, Imperative Shell governs placement of deterministic decisions and effects; Negative Code governs net removal of owned machinery while preserving contract. The profiles do not establish a shared or causal decision surface.",fail,"Neither operational profile changes the other's general preconditions, cost, timing, risk, or outcome without additional project-specific facts.",fail,No implementation or review decision changes from the profiles alone.,Independence,,,"A project can apply Functional Core, Imperative Shell to placement of deterministic decisions and effects while no decision concerning net removal of owned machinery while preserving contract arises.","A relationship may occur in a specific refactoring, but it is not entailed by the canonical profiles.",high,reject,,J-20260715-1920-04
P178,"Functional Core, Imperative Shell",Dead Code Elimination,fail,"Distinct operational decisions: Functional Core, Imperative Shell governs placement of deterministic decisions and effects; Dead Code Elimination governs liveness within the supported system boundary. The profiles do not establish a shared or causal decision surface.",fail,"Neither operational profile changes the other's general preconditions, cost, timing, risk, or outcome without additional project-specific facts.",fail,No implementation or review decision changes from the profiles alone.,Independence,,,"A project can apply Functional Core, Imperative Shell to placement of deterministic decisions and effects while no decision concerning liveness within the supported system boundary arises.","A relationship may occur in a specific refactoring, but it is not entailed by the canonical profiles.",high,reject,,J-20260715-1920-04
P179,"Functional Core, Imperative Shell",Refactoring Toward Primitives,fail,"Distinct operational decisions: Functional Core, Imperative Shell governs placement of deterministic decisions and effects; Refactoring Toward Primitives governs replacement of custom code by existing capabilities. The profiles do not establish a shared or causal decision surface.",fail,"Neither operational profile changes the other's general preconditions, cost, timing, risk, or outcome without additional project-specific facts.",fail,No implementation or review decision changes from the profiles alone.,Independence,,,"A project can apply Functional Core, Imperative Shell to placement of deterministic decisions and effects while no decision concerning replacement of custom code by existing capabilities arises.","A relationship may occur in a specific refactoring, but it is not entailed by the canonical profiles.",high,reject,,J-20260715-1920-04
P180,"Functional Core, Imperative Shell",Dependency Inversion Principle,pass,"Causally connected decisions: Functional Core, Imperative Shell governs placement of deterministic decisions and effects; Dependency Inversion Principle governs contract ownership and source-dependency direction.",pass,"The shell supplies effectful details through policy-shaped capabilities, letting the core avoid vendor dependencies.",pass,The application edge composes adapters while deterministic policy accepts only domain values or narrow functions.,Complementary,,Convergent,A pure calculation with no external detail needs neither an adapter nor inversion.,Applies when important policy currently imports or constructs an external effect detail.,high,publish,pair-dossiers/P180-functional-core-imperative-shell-dependency-inversion-principle.md,J-20260715-1920-04;J-20260715-1935-05;J-20260715-1950-06;J-20260715-2015-07;J-20260715-2050-09
P181,"Functional Core, Imperative Shell",Data-Driven Design,pass,Both affect representation and execution of deterministic decision rules.,fail,"Rejected hypothesis: A typed case table and small interpreter can live in the pure core, while the shell supplies and persists external data.",fail,No context-independent implementation or review consequence was supported.,Independence,,Unsupported,pass,"A project-specific interaction may exist, but no general mechanism survived the evidence and counterexample tests.",medium,reject,pair-dossiers/P181-functional-core-imperative-shell-data-driven-design.md,J-20260715-1920-04;J-20260715-1935-05;J-20260715-1950-06
P182,"Functional Core, Imperative Shell",Make Illegal States Unrepresentable,pass,"Causally connected decisions: Functional Core, Imperative Shell governs placement of deterministic decisions and effects; Make Illegal States Unrepresentable governs representation and enforcement of stable invariants.",fail,Adversarial rejection: Precise types benefit deterministic and imperative code alike; a pure core neither causes nor requires illegal-state exclusion. The dossier offers generic type-safety benefit rather than a pair-specific mechanism.,fail,"No pair-specific, context-independent implementation or review consequence survived adversarial review.",Independence,,Unsupported,Concurrent balance availability cannot be frozen into the core's input without preserving a transaction.,Applies when stable domain invariants can be represented before the core runs.,high,reject,pair-dossiers/P182-functional-core-imperative-shell-make-illegal-states-unrepresentable.md,J-20260715-1920-04;J-20260715-1935-05;J-20260715-1950-06;J-20260715-2015-07;J-20260715-2050-09
P183,"Functional Core, Imperative Shell","Parse, Don't Validate",pass,"Causally connected decisions: Functional Core, Imperative Shell governs placement of deterministic decisions and effects; Parse, Don't Validate governs conversion of raw input into trusted domain values.",pass,The imperative shell acquires and parses raw input before invoking a core whose signatures require trusted values.,pass,Parsing errors remain at the boundary and pure domain rules contain no transport casts or repeated structural checks.,Sequencing,,Convergent,A decision that depends on locked database state may need parsing and decision inside one transactional shell.,Applies when raw external input feeds deterministic domain decisions.,high,publish,pair-dossiers/P183-functional-core-imperative-shell-parse-don-t-validate.md,J-20260715-1920-04;J-20260715-1935-05;J-20260715-1950-06;J-20260715-2015-07;J-20260715-2050-09
P184,"Functional Core, Imperative Shell","Tell, Don't Ask",pass,Both affect placement of an invariant operation and its effects.,fail,"Rejected hypothesis: A domain operation can decide a transition in the core, while the shell loads state and executes persistence or messages.",fail,No context-independent implementation or review consequence was supported.,Independence,,Unsupported,pass,"A project-specific interaction may exist, but no general mechanism survived the evidence and counterexample tests.",medium,reject,pair-dossiers/P184-functional-core-imperative-shell-tell-don-t-ask.md,J-20260715-1920-04;J-20260715-1935-05;J-20260715-1950-06
P185,"Functional Core, Imperative Shell",Law of Demeter,pass,Both affect knowledge the policy core has of infrastructure structure.,fail,"Rejected hypothesis: Passing explicit values and intended actions prevents core policy from navigating databases, clients, or service graphs.",fail,No context-independent implementation or review consequence was supported.,Independence,,Unsupported,pass,"A project-specific interaction may exist, but no general mechanism survived the evidence and counterexample tests.",medium,reject,pair-dossiers/P185-functional-core-imperative-shell-law-of-demeter.md,J-20260715-1920-04;J-20260715-1935-05;J-20260715-1950-06
P186,"Functional Core, Imperative Shell",Boy Scout Rule,fail,"Distinct operational decisions: Functional Core, Imperative Shell governs placement of deterministic decisions and effects; Boy Scout Rule governs scope and timing of incidental local cleanup. The profiles do not establish a shared or causal decision surface.",fail,"Neither operational profile changes the other's general preconditions, cost, timing, risk, or outcome without additional project-specific facts.",fail,No implementation or review decision changes from the profiles alone.,Independence,,,"A project can apply Functional Core, Imperative Shell to placement of deterministic decisions and effects while no decision concerning scope and timing of incidental local cleanup arises.","A relationship may occur in a specific refactoring, but it is not entailed by the canonical profiles.",high,reject,,J-20260715-1920-04
P187,Negative Code,Dead Code Elimination,pass,Causally connected decisions: Negative Code governs net removal of owned machinery while preserving contract; Dead Code Elimination governs liveness within the supported system boundary.,pass,Liveness proof identifies a class of safe deletion; Negative Code supplies the broader outcome test and requires removing the obsolete perimeter.,pass,"Once behavior is proven unobservable, its flags, tests, configuration, docs, and dependencies are deleted coherently.",Overlap,,Convergent,Replacing live custom code with a primitive is Negative Code but not Dead Code Elimination.,Applies when a candidate appears unused but the supported boundary must be established.,high,publish,pair-dossiers/P187-negative-code-dead-code-elimination.md,J-20260715-1920-04;J-20260715-1935-05;J-20260715-1950-06;J-20260715-2015-07;J-20260715-2050-09
P188,Negative Code,Refactoring Toward Primitives,pass,Causally connected decisions: Negative Code governs net removal of owned machinery while preserving contract; Refactoring Toward Primitives governs replacement of custom code by existing capabilities.,pass,A matching primitive is a mechanism for producing negative code by making custom implementation and glue redundant.,pass,"After characterization, the change deletes the replaced implementation while retaining application-contract tests.",Enablement,,Convergent,Adding a large dependency may reduce local lines while increasing total obligations.,Applies when the primitive matches semantics and costs less to own.,high,publish,pair-dossiers/P188-negative-code-refactoring-toward-primitives.md,J-20260715-1920-04;J-20260715-1935-05;J-20260715-1950-06;J-20260715-2015-07;J-20260715-2050-09
P189,Negative Code,Dependency Inversion Principle,pass,Causally connected decisions: Negative Code governs net removal of owned machinery while preserving contract; Dependency Inversion Principle governs contract ownership and source-dependency direction.,fail,"Adversarial rejection: Negative Code's deletion test applies to every abstraction; a one-implementation DIP boundary is merely one counterexample to careless deletion, not a unique causal interaction between the principles.",fail,"No pair-specific, context-independent implementation or review consequence survived adversarial review.",Independence,,Unsupported,A one-implementation adapter shielding core policy from a volatile vendor is not redundant.,Applies when an abstraction has one implementation and its boundary role is disputed.,high,reject,pair-dossiers/P189-negative-code-dependency-inversion-principle.md,J-20260715-1920-04;J-20260715-1935-05;J-20260715-1950-06;J-20260715-2015-07;J-20260715-2050-09
P190,Negative Code,Data-Driven Design,pass,Both affect replacement of repeated control-flow implementations.,fail,Rejected hypothesis: A typed table plus one algorithm can make repeated branches and case-specific implementations removable.,fail,No context-independent implementation or review consequence was supported.,Independence,,Unsupported,pass,"A project-specific interaction may exist, but no general mechanism survived the evidence and counterexample tests.",medium,reject,pair-dossiers/P190-negative-code-data-driven-design.md,J-20260715-1920-04;J-20260715-1935-05;J-20260715-1950-06
P191,Negative Code,Make Illegal States Unrepresentable,pass,Causally connected decisions: Negative Code governs net removal of owned machinery while preserving contract; Make Illegal States Unrepresentable governs representation and enforcement of stable invariants.,pass,"A precise representation can make defensive branches, synchronized fields, and impossible-case tests unnecessary.",pass,"After construction is controlled, the change removes only checks and state copies now proven impossible.",Enablement,,Convergent,Checks for current authorization remain live because the type cannot prove a mutable external fact.,Applies when many consumers defend against stable illegal combinations.,high,publish,pair-dossiers/P191-negative-code-make-illegal-states-unrepresentable.md,J-20260715-1920-04;J-20260715-1935-05;J-20260715-1950-06;J-20260715-2015-07;J-20260715-2050-09
P192,Negative Code,"Parse, Don't Validate",pass,"Causally connected decisions: Negative Code governs net removal of owned machinery while preserving contract; Parse, Don't Validate governs conversion of raw input into trusted domain values.",pass,"Parsing once preserves evidence that makes downstream casts, validators, and impossible-case branches removable.",pass,The deletion follows signature changes so raw values cannot bypass the parser.,Enablement,,Convergent,Rate limits and concurrent uniqueness remain necessary after structural parsing.,Applies when repeated structural validation follows a boundary check that currently discards evidence.,high,publish,pair-dossiers/P192-negative-code-parse-don-t-validate.md,J-20260715-1920-04;J-20260715-1935-05;J-20260715-1950-06;J-20260715-2015-07;J-20260715-2050-09
P193,Negative Code,"Tell, Don't Ask",pass,Both affect removal of duplicated query-decide-mutate sequences.,fail,Rejected hypothesis: One state-owner operation can replace several caller implementations and expose a smaller mutation surface.,fail,No context-independent implementation or review consequence was supported.,Independence,,Unsupported,pass,"A project-specific interaction may exist, but no general mechanism survived the evidence and counterexample tests.",medium,reject,pair-dossiers/P193-negative-code-tell-don-t-ask.md,J-20260715-1920-04;J-20260715-1935-05;J-20260715-1950-06
P194,Negative Code,Law of Demeter,fail,Distinct operational decisions: Negative Code governs net removal of owned machinery while preserving contract; Law of Demeter governs knowledge of collaborators' internal structure. The profiles do not establish a shared or causal decision surface.,fail,"Neither operational profile changes the other's general preconditions, cost, timing, risk, or outcome without additional project-specific facts.",fail,No implementation or review decision changes from the profiles alone.,Independence,,,A project can apply Negative Code to net removal of owned machinery while preserving contract while no decision concerning knowledge of collaborators' internal structure arises.,"A relationship may occur in a specific refactoring, but it is not entailed by the canonical profiles.",high,reject,,J-20260715-1920-04
P195,Negative Code,Boy Scout Rule,pass,Causally connected decisions: Negative Code governs net removal of owned machinery while preserving contract; Boy Scout Rule governs scope and timing of incidental local cleanup.,pass,The Boy Scout Rule provides a bounded task context for small evidence-backed deletions rather than broad cleanup campaigns.,pass,An agent removes a redundant branch or wrapper in the touched path and verifies it with the main change.,Sequencing,,Convergent,Deleting an unfamiliar cross-system fallback during an unrelated UI task exceeds the cleanup scope.,"Applies when the deletion is adjacent, reviewable, and contract-preserving.",high,publish,pair-dossiers/P195-negative-code-boy-scout-rule.md,J-20260715-1920-04;J-20260715-1935-05;J-20260715-1950-06;J-20260715-2015-07;J-20260715-2050-09
P196,Dead Code Elimination,Refactoring Toward Primitives,pass,Both affect cleanup after a primitive replacement.,fail,"Rejected hypothesis: Once calls move to the contract-equivalent primitive, liveness analysis can identify the old custom implementation and perimeter as unused.",fail,No context-independent implementation or review consequence was supported.,Independence,,Unsupported,pass,"A project-specific interaction may exist, but no general mechanism survived the evidence and counterexample tests.",medium,reject,pair-dossiers/P196-dead-code-elimination-refactoring-toward-primitives.md,J-20260715-1920-04;J-20260715-1935-05;J-20260715-1950-06
P197,Dead Code Elimination,Dependency Inversion Principle,fail,Distinct operational decisions: Dead Code Elimination governs liveness within the supported system boundary; Dependency Inversion Principle governs contract ownership and source-dependency direction. The profiles do not establish a shared or causal decision surface.,fail,"Neither operational profile changes the other's general preconditions, cost, timing, risk, or outcome without additional project-specific facts.",fail,No implementation or review decision changes from the profiles alone.,Independence,,,A project can apply Dead Code Elimination to liveness within the supported system boundary while no decision concerning contract ownership and source-dependency direction arises.,"A relationship may occur in a specific refactoring, but it is not entailed by the canonical profiles.",high,reject,,J-20260715-1920-04
P198,Dead Code Elimination,Data-Driven Design,fail,Distinct operational decisions: Dead Code Elimination governs liveness within the supported system boundary; Data-Driven Design governs representation of regular variation as data or control flow. The profiles do not establish a shared or causal decision surface.,fail,"Neither operational profile changes the other's general preconditions, cost, timing, risk, or outcome without additional project-specific facts.",fail,No implementation or review decision changes from the profiles alone.,Independence,,,A project can apply Dead Code Elimination to liveness within the supported system boundary while no decision concerning representation of regular variation as data or control flow arises.,"A relationship may occur in a specific refactoring, but it is not entailed by the canonical profiles.",high,reject,,J-20260715-1920-04
P199,Dead Code Elimination,Make Illegal States Unrepresentable,pass,Causally connected decisions: Dead Code Elimination governs liveness within the supported system boundary; Make Illegal States Unrepresentable governs representation and enforcement of stable invariants.,pass,"A stronger representation can prove formerly defensive branches unreachable, after which liveness analysis supports deletion.",pass,"The change first closes construction paths, then removes branches and tests for states no longer representable.",Sequencing,Enablement,Convergent,Legacy database rows may keep the defensive branch live until migration completes.,Applies when all supported constructors exclude the old state.,high,publish,pair-dossiers/P199-dead-code-elimination-make-illegal-states-unrepresentable.md,J-20260715-1920-04;J-20260715-1935-05;J-20260715-1950-06;J-20260715-2015-07;J-20260715-2050-09
P200,Dead Code Elimination,"Parse, Don't Validate",pass,"Causally connected decisions: Dead Code Elimination governs liveness within the supported system boundary; Parse, Don't Validate governs conversion of raw input into trusted domain values.",pass,"Once every entry path parses to a trusted value, downstream structural validation can become unreachable or unobservable.",pass,The team verifies there is no raw bypass and removes the newly dead validation path.,Sequencing,Enablement,Convergent,A public API that still accepts the raw type keeps its validation live.,Applies when one parser dominates all supported calls into the trusted domain.,high,publish,pair-dossiers/P200-dead-code-elimination-parse-don-t-validate.md,J-20260715-1920-04;J-20260715-1935-05;J-20260715-1950-06;J-20260715-2015-07;J-20260715-2050-09
P201,Dead Code Elimination,"Tell, Don't Ask",fail,"Distinct operational decisions: Dead Code Elimination governs liveness within the supported system boundary; Tell, Don't Ask governs ownership of state-dependent decisions and transitions. The profiles do not establish a shared or causal decision surface.",fail,"Neither operational profile changes the other's general preconditions, cost, timing, risk, or outcome without additional project-specific facts.",fail,No implementation or review decision changes from the profiles alone.,Independence,,,A project can apply Dead Code Elimination to liveness within the supported system boundary while no decision concerning ownership of state-dependent decisions and transitions arises.,"A relationship may occur in a specific refactoring, but it is not entailed by the canonical profiles.",high,reject,,J-20260715-1920-04
P202,Dead Code Elimination,Law of Demeter,fail,Distinct operational decisions: Dead Code Elimination governs liveness within the supported system boundary; Law of Demeter governs knowledge of collaborators' internal structure. The profiles do not establish a shared or causal decision surface.,fail,"Neither operational profile changes the other's general preconditions, cost, timing, risk, or outcome without additional project-specific facts.",fail,No implementation or review decision changes from the profiles alone.,Independence,,,A project can apply Dead Code Elimination to liveness within the supported system boundary while no decision concerning knowledge of collaborators' internal structure arises.,"A relationship may occur in a specific refactoring, but it is not entailed by the canonical profiles.",high,reject,,J-20260715-1920-04
P203,Dead Code Elimination,Boy Scout Rule,pass,Causally connected decisions: Dead Code Elimination governs liveness within the supported system boundary; Boy Scout Rule governs scope and timing of incidental local cleanup.,pass,"The Boy Scout Rule scopes dead-code removal to the touched path, while DCE supplies the evidence threshold for calling it dead.",pass,"A local flag or branch is removed only after dynamic, external, and rollback uses are checked proportionately.",Complementary,,Convergent,"A repository-wide unused-export sweep is separate work, not incidental cleanup.",Applies when a suspected dead artifact is adjacent to current work and its liveness can be established.,high,publish,pair-dossiers/P203-dead-code-elimination-boy-scout-rule.md,J-20260715-1920-04;J-20260715-1935-05;J-20260715-1950-06;J-20260715-2015-07;J-20260715-2050-09
P204,Refactoring Toward Primitives,Dependency Inversion Principle,pass,Causally connected decisions: Refactoring Toward Primitives governs replacement of custom code by existing capabilities; Dependency Inversion Principle governs contract ownership and source-dependency direction.,pass,"Primitive-first favors direct platform use, while DIP may justify an adapter when the primitive is volatile or leaks irrelevant detail into policy.",pass,The implementation uses the primitive directly unless a narrower stable domain contract removes real coupling.,Tension,,Convergent,A wrapper that only renames `JSON.stringify` adds indirection without inversion value.,Applies when a platform capability could be called directly but sits at a policy/detail boundary.,high,publish,pair-dossiers/P204-refactoring-toward-primitives-dependency-inversion-principle.md,J-20260715-1920-04;J-20260715-1935-05;J-20260715-1950-06;J-20260715-2015-07;J-20260715-2050-09
P205,Refactoring Toward Primitives,Data-Driven Design,fail,Distinct operational decisions: Refactoring Toward Primitives governs replacement of custom code by existing capabilities; Data-Driven Design governs representation of regular variation as data or control flow. The profiles do not establish a shared or causal decision surface.,fail,"Neither operational profile changes the other's general preconditions, cost, timing, risk, or outcome without additional project-specific facts.",fail,No implementation or review decision changes from the profiles alone.,Independence,,,A project can apply Refactoring Toward Primitives to replacement of custom code by existing capabilities while no decision concerning representation of regular variation as data or control flow arises.,"A relationship may occur in a specific refactoring, but it is not entailed by the canonical profiles.",high,reject,,J-20260715-1920-04
P206,Refactoring Toward Primitives,Make Illegal States Unrepresentable,pass,Causally connected decisions: Refactoring Toward Primitives governs replacement of custom code by existing capabilities; Make Illegal States Unrepresentable governs representation and enforcement of stable invariants.,pass,"Sets, maps, database constraints, discriminated unions, and standard constructors can enforce invariants with less custom validation machinery.",pass,The design selects a primitive whose native semantics exclude the invalid state and deletes redundant enforcement.,Enablement,,Convergent,A database uniqueness constraint does not by itself model a recoverable domain error for the caller.,"Applies when an existing type, collection, or storage constraint matches the invariant.",high,publish,pair-dossiers/P206-refactoring-toward-primitives-make-illegal-states-unrepresentable.md,J-20260715-1920-04;J-20260715-1935-05;J-20260715-1950-06;J-20260715-2015-07;J-20260715-2050-09
P207,Refactoring Toward Primitives,"Parse, Don't Validate",pass,"Causally connected decisions: Refactoring Toward Primitives governs replacement of custom code by existing capabilities; Parse, Don't Validate governs conversion of raw input into trusted domain values.",pass,"A standard parser, schema, or framework decoder can construct the trusted value and replace handwritten checking.",pass,"The team verifies error, normalization, and compatibility semantics before deleting the custom validator.",Enablement,,Convergent,A generic JSON parse does not establish domain ranges and is insufficient by itself.,Applies when the primitive's output can represent the precise internal contract.,high,publish,pair-dossiers/P207-refactoring-toward-primitives-parse-don-t-validate.md,J-20260715-1920-04;J-20260715-1935-05;J-20260715-1950-06;J-20260715-2015-07;J-20260715-2050-09
P208,Refactoring Toward Primitives,"Tell, Don't Ask",pass,"Causally connected decisions: Refactoring Toward Primitives governs replacement of custom code by existing capabilities; Tell, Don't Ask governs ownership of state-dependent decisions and transitions.",fail,"Rejected hypothesis: Direct primitive use minimizes wrappers, while Tell, Don't Ask may require a domain operation when direct access would expose and duplicate an invariant.",fail,No context-independent implementation or review consequence was supported.,Independence,,Unsupported,A read-only collection filter needs no domain command merely to hide a standard API.,"A project-specific interaction may exist, but no general mechanism survived the evidence and counterexample tests.",medium,reject,pair-dossiers/P208-refactoring-toward-primitives-tell-don-t-ask.md,J-20260715-1920-04;J-20260715-1935-05;J-20260715-1950-06
P209,Refactoring Toward Primitives,Law of Demeter,pass,Causally connected decisions: Refactoring Toward Primitives governs replacement of custom code by existing capabilities; Law of Demeter governs knowledge of collaborators' internal structure.,pass,Directly reaching through a framework or SDK object graph uses primitives but couples callers to internal structure; a narrow adapter can be justified.,pass,The design exposes only the stable capability or plain value while avoiding a wrapper that mirrors the whole primitive API.,Tension,,Convergent,Direct use of a stable flat standard value API creates no train-wreck dependency.,Applies when the primitive's nested ownership structure is volatile or leaks into many callers.,high,publish,pair-dossiers/P209-refactoring-toward-primitives-law-of-demeter.md,J-20260715-1920-04;J-20260715-1935-05;J-20260715-1950-06;J-20260715-2015-07;J-20260715-2050-09
P210,Refactoring Toward Primitives,Boy Scout Rule,pass,Both affect scope and timing of a local primitive substitution.,fail,"Rejected hypothesis: Boy Scout scope limits replacement to a touched, well-characterized slice; primitive comparison supplies the concrete cleanup.",fail,No context-independent implementation or review consequence was supported.,Independence,,Unsupported,pass,"A project-specific interaction may exist, but no general mechanism survived the evidence and counterexample tests.",medium,reject,pair-dossiers/P210-refactoring-toward-primitives-boy-scout-rule.md,J-20260715-1920-04;J-20260715-1935-05;J-20260715-1950-06
P211,Dependency Inversion Principle,Data-Driven Design,fail,Distinct operational decisions: Dependency Inversion Principle governs contract ownership and source-dependency direction; Data-Driven Design governs representation of regular variation as data or control flow. The profiles do not establish a shared or causal decision surface.,fail,"Neither operational profile changes the other's general preconditions, cost, timing, risk, or outcome without additional project-specific facts.",fail,No implementation or review decision changes from the profiles alone.,Independence,,,A project can apply Dependency Inversion Principle to contract ownership and source-dependency direction while no decision concerning representation of regular variation as data or control flow arises.,"A relationship may occur in a specific refactoring, but it is not entailed by the canonical profiles.",high,reject,,J-20260715-1920-04
P212,Dependency Inversion Principle,Make Illegal States Unrepresentable,pass,Causally connected decisions: Dependency Inversion Principle governs contract ownership and source-dependency direction; Make Illegal States Unrepresentable governs representation and enforcement of stable invariants.,pass,"A policy-owned boundary can accept and return precise domain values, preventing vendor request shapes from widening the core's state space.",pass,The outer adapter converts detail-specific values into variants whose invariants the policy understands.,Complementary,Reinforcement,Convergent,A passthrough adapter that preserves the entire vendor response provides no representational protection.,Applies when external detail types admit states irrelevant or invalid to domain policy.,high,publish,pair-dossiers/P212-dependency-inversion-principle-make-illegal-states-unrepresentable.md,J-20260715-1920-04;J-20260715-1935-05;J-20260715-1950-06;J-20260715-2015-07;J-20260715-2050-09
P213,Dependency Inversion Principle,"Parse, Don't Validate",pass,"Causally connected decisions: Dependency Inversion Principle governs contract ownership and source-dependency direction; Parse, Don't Validate governs conversion of raw input into trusted domain values.",pass,An infrastructure adapter parses vendor or transport data into the trusted values required by the policy-owned contract.,pass,Invalid external responses fail at the adapter and cannot leak raw SDK types into the core.,Sequencing,Enablement,Convergent,An already typed in-process collaborator may need inversion but no parsing step.,Applies when the external detail returns weaker data than policy requires.,high,publish,pair-dossiers/P213-dependency-inversion-principle-parse-don-t-validate.md,J-20260715-1920-04;J-20260715-1935-05;J-20260715-1950-06;J-20260715-2015-07;J-20260715-2050-09
P214,Dependency Inversion Principle,"Tell, Don't Ask",pass,Both affect capability exposed to stable policy.,fail,Rejected hypothesis: A domain-shaped port or aggregate command lets policy request a meaningful operation instead of querying detail state and reconstructing its rules.,fail,No context-independent implementation or review consequence was supported.,Independence,,Unsupported,pass,"A project-specific interaction may exist, but no general mechanism survived the evidence and counterexample tests.",medium,reject,pair-dossiers/P214-dependency-inversion-principle-tell-don-t-ask.md,J-20260715-1920-04;J-20260715-1935-05;J-20260715-1950-06
P215,Dependency Inversion Principle,Law of Demeter,pass,Causally connected decisions: Dependency Inversion Principle governs contract ownership and source-dependency direction; Law of Demeter governs knowledge of collaborators' internal structure.,pass,Both prevent policy from knowing low-level structure: DIP controls source direction and Law of Demeter controls graph navigation through the contract.,pass,The policy asks for a narrow domain capability rather than traversing an injected SDK or repository object.,Reinforcement,,Convergent,An injected vendor interface still violates the mechanism if policy navigates vendor-specific response graphs.,Applies when policy currently depends on nested structure owned by a volatile detail.,high,publish,pair-dossiers/P215-dependency-inversion-principle-law-of-demeter.md,J-20260715-1920-04;J-20260715-1935-05;J-20260715-1950-06;J-20260715-2015-07;J-20260715-2050-09
P216,Dependency Inversion Principle,Boy Scout Rule,fail,Distinct operational decisions: Dependency Inversion Principle governs contract ownership and source-dependency direction; Boy Scout Rule governs scope and timing of incidental local cleanup. The profiles do not establish a shared or causal decision surface.,fail,"Neither operational profile changes the other's general preconditions, cost, timing, risk, or outcome without additional project-specific facts.",fail,No implementation or review decision changes from the profiles alone.,Independence,,,A project can apply Dependency Inversion Principle to contract ownership and source-dependency direction while no decision concerning scope and timing of incidental local cleanup arises.,"A relationship may occur in a specific refactoring, but it is not entailed by the canonical profiles.",high,reject,,J-20260715-1920-04
P217,Data-Driven Design,Make Illegal States Unrepresentable,pass,Causally connected decisions: Data-Driven Design governs representation of regular variation as data or control flow; Make Illegal States Unrepresentable governs representation and enforcement of stable invariants.,pass,"A table can own the valid key set and derive a precise type, removing unknown-key states and duplicated enums.",pass,Construction validates rows and trusted lookups become exhaustive over the table-derived keys.,Enablement,Reinforcement,Convergent,User-defined runtime keys cannot be made a closed compile-time union and still require error handling.,Applies when the table is the authoritative finite case set.,high,publish,pair-dossiers/P217-data-driven-design-make-illegal-states-unrepresentable.md,J-20260715-1920-04;J-20260715-1935-05;J-20260715-1950-06;J-20260715-2015-07;J-20260715-2050-09
P218,Data-Driven Design,"Parse, Don't Validate",pass,"Causally connected decisions: Data-Driven Design governs representation of regular variation as data or control flow; Parse, Don't Validate governs conversion of raw input into trusted domain values.",pass,External strings must be parsed into valid table keys or validated rule data before the shared interpreter can assume completeness.,pass,The lookup accepts a precise key and has no internal unknown-status branch.,Sequencing,Enablement,Convergent,A table used only with compiler-generated internal keys needs no runtime parser.,Applies when untrusted input selects or supplies table-driven behavior.,high,publish,pair-dossiers/P218-data-driven-design-parse-don-t-validate.md,J-20260715-1920-04;J-20260715-1935-05;J-20260715-1950-06;J-20260715-2015-07;J-20260715-2050-09
P219,Data-Driven Design,"Tell, Don't Ask",pass,"Causally connected decisions: Data-Driven Design governs representation of regular variation as data or control flow; Tell, Don't Ask governs ownership of state-dependent decisions and transitions.",pass,"A central table places regular policy outside an object's methods, while Tell, Don't Ask places state-dependent invariant transitions with their owner.",pass,"Static mappings remain data-driven; transitions that require private mutable state remain domain operations, possibly consulting a table.",Tension,,Convergent,A status-to-label map is presentation data and does not belong inside the state-owning object.,Applies when a proposed table would contain stateful transition callbacks or bypass invariant ownership.,high,publish,pair-dossiers/P219-data-driven-design-tell-don-t-ask.md,J-20260715-1920-04;J-20260715-1935-05;J-20260715-1950-06;J-20260715-2015-07;J-20260715-2050-09
P220,Data-Driven Design,Law of Demeter,fail,Distinct operational decisions: Data-Driven Design governs representation of regular variation as data or control flow; Law of Demeter governs knowledge of collaborators' internal structure. The profiles do not establish a shared or causal decision surface.,fail,"Neither operational profile changes the other's general preconditions, cost, timing, risk, or outcome without additional project-specific facts.",fail,No implementation or review decision changes from the profiles alone.,Independence,,,A project can apply Data-Driven Design to representation of regular variation as data or control flow while no decision concerning knowledge of collaborators' internal structure arises.,"A relationship may occur in a specific refactoring, but it is not entailed by the canonical profiles.",high,reject,,J-20260715-1920-04
P221,Data-Driven Design,Boy Scout Rule,fail,Distinct operational decisions: Data-Driven Design governs representation of regular variation as data or control flow; Boy Scout Rule governs scope and timing of incidental local cleanup. The profiles do not establish a shared or causal decision surface.,fail,"Neither operational profile changes the other's general preconditions, cost, timing, risk, or outcome without additional project-specific facts.",fail,No implementation or review decision changes from the profiles alone.,Independence,,,A project can apply Data-Driven Design to representation of regular variation as data or control flow while no decision concerning scope and timing of incidental local cleanup arises.,"A relationship may occur in a specific refactoring, but it is not entailed by the canonical profiles.",high,reject,,J-20260715-1920-04
P222,Make Illegal States Unrepresentable,"Parse, Don't Validate",pass,"Causally connected decisions: Make Illegal States Unrepresentable governs representation and enforcement of stable invariants; Parse, Don't Validate governs conversion of raw input into trusted domain values.",pass,Parsing is the construction mechanism that turns weak external values into the precise representation whose illegal states are excluded.,pass,"Raw data is checked once, the trusted constructor is controlled, and internal functions require the resulting type.",Enablement,,Direct,Current inventory cannot be permanently proven by parsing and still requires transactional checking.,Applies when external inputs must enter a domain with stable representable invariants.,high,publish,pair-dossiers/P222-make-illegal-states-unrepresentable-parse-don-t-validate.md,J-20260715-1920-04;J-20260715-1935-05;J-20260715-1950-06;J-20260715-2015-07;J-20260715-2050-09
P223,Make Illegal States Unrepresentable,"Tell, Don't Ask",pass,"Causally connected decisions: Make Illegal States Unrepresentable governs representation and enforcement of stable invariants; Tell, Don't Ask governs ownership of state-dependent decisions and transitions.",pass,Precise types constrain static states while domain commands control legal transitions so callers cannot construct invalid combinations by mutation.,pass,The owner exposes meaningful operations that return a valid next variant instead of public setters for correlated fields.,Complementary,Reinforcement,Convergent,An immutable report value needs no command API when it cannot be mutated into an illegal state.,Applies when the invariant spans state plus allowed transitions.,high,publish,pair-dossiers/P223-make-illegal-states-unrepresentable-tell-don-t-ask.md,J-20260715-1920-04;J-20260715-1935-05;J-20260715-1950-06;J-20260715-2015-07;J-20260715-2050-09
P224,Make Illegal States Unrepresentable,Law of Demeter,pass,Causally connected decisions: Make Illegal States Unrepresentable governs representation and enforcement of stable invariants; Law of Demeter governs knowledge of collaborators' internal structure.,fail,Rejected hypothesis: Hiding mutable internals and exposing stable capabilities prevents callers from bypassing constructors or assembling invalid nested state.,fail,No context-independent implementation or review consequence was supported.,Independence,,Unsupported,Transparent immutable sum-type data may be safely pattern-matched by its legitimate consumer.,"A project-specific interaction may exist, but no general mechanism survived the evidence and counterexample tests.",medium,reject,pair-dossiers/P224-make-illegal-states-unrepresentable-law-of-demeter.md,J-20260715-1920-04;J-20260715-1935-05;J-20260715-1950-06
P225,Make Illegal States Unrepresentable,Boy Scout Rule,fail,Distinct operational decisions: Make Illegal States Unrepresentable governs representation and enforcement of stable invariants; Boy Scout Rule governs scope and timing of incidental local cleanup. The profiles do not establish a shared or causal decision surface.,fail,"Neither operational profile changes the other's general preconditions, cost, timing, risk, or outcome without additional project-specific facts.",fail,No implementation or review decision changes from the profiles alone.,Independence,,,A project can apply Make Illegal States Unrepresentable to representation and enforcement of stable invariants while no decision concerning scope and timing of incidental local cleanup arises.,"A relationship may occur in a specific refactoring, but it is not entailed by the canonical profiles.",high,reject,,J-20260715-1920-04
P226,"Parse, Don't Validate","Tell, Don't Ask",pass,"Causally connected decisions: Parse, Don't Validate governs conversion of raw input into trusted domain values; Tell, Don't Ask governs ownership of state-dependent decisions and transitions.",pass,"Parsing establishes a trusted command value before Tell, Don't Ask hands it to the component that owns the stateful invariant.",pass,The boundary rejects malformed input; the domain operation then decides contextual acceptance without rechecking structure.,Sequencing,,Convergent,A pure reporting query may use a parsed filter without issuing any domain command.,Applies when an external request triggers a state-dependent command.,high,publish,pair-dossiers/P226-parse-don-t-validate-tell-don-t-ask.md,J-20260715-1920-04;J-20260715-1935-05;J-20260715-1950-06;J-20260715-2015-07;J-20260715-2050-09
P227,"Parse, Don't Validate",Law of Demeter,pass,"Causally connected decisions: Parse, Don't Validate governs conversion of raw input into trusted domain values; Law of Demeter governs knowledge of collaborators' internal structure.",pass,Passing one parsed domain value avoids both raw-shape leakage and navigation through a request or SDK object graph.,pass,"The caller extracts and parses the needed value at the boundary, then collaborators accept that value directly.",Complementary,,Reasoned Inference,A parser itself legitimately traverses the raw syntax tree it owns at the boundary.,Applies when domain code currently reaches through transport structures to retrieve weak input.,high,publish,pair-dossiers/P227-parse-don-t-validate-law-of-demeter.md,J-20260715-1920-04;J-20260715-1935-05;J-20260715-1950-06;J-20260715-2015-07;J-20260715-2050-09
P228,"Parse, Don't Validate",Boy Scout Rule,fail,"Distinct operational decisions: Parse, Don't Validate governs conversion of raw input into trusted domain values; Boy Scout Rule governs scope and timing of incidental local cleanup. The profiles do not establish a shared or causal decision surface.",fail,"Neither operational profile changes the other's general preconditions, cost, timing, risk, or outcome without additional project-specific facts.",fail,No implementation or review decision changes from the profiles alone.,Independence,,,"A project can apply Parse, Don't Validate to conversion of raw input into trusted domain values while no decision concerning scope and timing of incidental local cleanup arises.","A relationship may occur in a specific refactoring, but it is not entailed by the canonical profiles.",high,reject,,J-20260715-1920-04
P229,"Tell, Don't Ask",Law of Demeter,pass,"Causally connected decisions: Tell, Don't Ask governs ownership of state-dependent decisions and transitions; Law of Demeter governs knowledge of collaborators' internal structure.",pass,"Both replace external knowledge of nested state with a meaningful operation on the nearest owner; Tell, Don't Ask focuses on decision ownership and Demeter on structural knowledge.",pass,"A caller requests `withdraw` or `pay` rather than retrieving nested fields, deciding, and mutating them.",Reinforcement,,Convergent,A renderer reading a plain immutable address is a legitimate query and needs no forwarding command.,Applies when a caller navigates another component's internals to enforce that component's invariant.,high,publish,pair-dossiers/P229-tell-don-t-ask-law-of-demeter.md,J-20260715-1920-04;J-20260715-1935-05;J-20260715-1950-06;J-20260715-2015-07;J-20260715-2050-09
P230,"Tell, Don't Ask",Boy Scout Rule,fail,"Distinct operational decisions: Tell, Don't Ask governs ownership of state-dependent decisions and transitions; Boy Scout Rule governs scope and timing of incidental local cleanup. The profiles do not establish a shared or causal decision surface.",fail,"Neither operational profile changes the other's general preconditions, cost, timing, risk, or outcome without additional project-specific facts.",fail,No implementation or review decision changes from the profiles alone.,Independence,,,"A project can apply Tell, Don't Ask to ownership of state-dependent decisions and transitions while no decision concerning scope and timing of incidental local cleanup arises.","A relationship may occur in a specific refactoring, but it is not entailed by the canonical profiles.",high,reject,,J-20260715-1920-04
P231,Law of Demeter,Boy Scout Rule,fail,Distinct operational decisions: Law of Demeter governs knowledge of collaborators' internal structure; Boy Scout Rule governs scope and timing of incidental local cleanup. The profiles do not establish a shared or causal decision surface.,fail,"Neither operational profile changes the other's general preconditions, cost, timing, risk, or outcome without additional project-specific facts.",fail,No implementation or review decision changes from the profiles alone.,Independence,,,A project can apply Law of Demeter to knowledge of collaborators' internal structure while no decision concerning scope and timing of incidental local cleanup arises.,"A relationship may occur in a specific refactoring, but it is not entailed by the canonical profiles.",high,reject,,J-20260715-1920-04
